timestamp,flow,occupancy,speed
2018-01-01 00:00:00,98.56786102062976,0.019097222222222224,0.0
2018-01-01 01:00:00,119.52307274701411,0.06076388888888889,0.0
2018-01-01 02:00:00,90.44842562432139,0.10243055555555557,0.0
2018-01-01 03:00:00,62.48642779587405,0.14409722222222224,0.0
2018-01-01 04:00:00,47.83496199782845,0.18576388888888887,0.0
2018-01-01 05:00:00,53.59120521172638,0.22743055555555555,0.0
2018-01-01 06:00:00,70.7871878393051,0.2690972222222222,0.0
2018-01-01 07:00:00,89.65743756786101,0.3107638888888889,0.0
2018-01-01 08:00:00,113.13545059717698,0.3524305555555556,0.0
2018-01-01 09:00:00,145.20629750271442,0.39409722222222227,0.0
2018-01-01 10:00:00,190.09527687296418,0.4357638888888889,0.0
2018-01-01 11:00:00,235.85287730727472,0.4774305555555555,0.0
2018-01-01 12:00:00,261.92372421281215,0.5190972222222222,0.0
2018-01-01 13:00:00,273.65635179153094,0.560763888888889,0.0
2018-01-01 14:00:00,276.09229098805645,0.6024305555555555,0.0
2018-01-01 15:00:00,269.12133550488596,0.6440972222222222,0.0
2018-01-01 16:00:00,261.1549945711184,0.6857638888888888,0.0
2018-01-01 17:00:00,252.471769815418,0.7274305555555555,0.0
2018-01-01 18:00:00,235.7187839305103,0.7690972222222222,0.0
2018-01-01 19:00:00,206.2901737242128,0.8107638888888888,0.0
2018-01-01 20:00:00,175.8515200868621,0.8524305555555555,0.0
2018-01-01 21:00:00,151.8159609120521,0.8940972222222223,0.0
2018-01-01 22:00:00,120.18403908794788,0.9357638888888888,0.0
2018-01-01 23:00:00,83.30808903365907,0.9774305555555555,0.0
2018-01-02 00:00:00,54.34527687296417,0.019097222222222224,1.0
2018-01-02 01:00:00,38.238056460369165,0.06076388888888889,1.0
2018-01-02 02:00:00,33.94679695982628,0.10243055555555557,1.0
2018-01-02 03:00:00,45.7399565689468,0.14409722222222224,1.0
2018-01-02 04:00:00,97.00081433224756,0.18576388888888887,1.0
2018-01-02 05:00:00,182.50678610206296,0.22743055555555555,1.0
2018-01-02 06:00:00,242.99755700325736,0.2690972222222222,1.0
2018-01-02 07:00:00,281.8409337676439,0.3107638888888889,1.0
2018-01-02 08:00:00,283.8298045602606,0.3524305555555556,1.0
2018-01-02 09:00:00,273.2643865363735,0.39409722222222227,1.0
2018-01-02 10:00:00,273.0770901194354,0.4357638888888889,1.0
2018-01-02 11:00:00,276.63653637350706,0.4774305555555555,1.0
2018-01-02 12:00:00,282.87106406080346,0.5190972222222222,1.0
2018-01-02 13:00:00,294.4533116178067,0.560763888888889,1.0
2018-01-02 14:00:00,321.37052117263846,0.6024305555555555,1.0
2018-01-02 15:00:00,332.3488056460369,0.6440972222222222,1.0
2018-01-02 16:00:00,337.4125950054289,0.6857638888888888,1.0
2018-01-02 17:00:00,337.00027144408256,0.7274305555555555,1.0
2018-01-02 18:00:00,288.5442453854506,0.7690972222222222,1.0
2018-01-02 19:00:00,222.9459826275787,0.8107638888888888,1.0
2018-01-02 20:00:00,176.77361563517914,0.8524305555555555,1.0
2018-01-02 21:00:00,151.51492942453854,0.8940972222222223,1.0
2018-01-02 22:00:00,121.40635179153095,0.9357638888888888,1.0
2018-01-02 23:00:00,84.66259500542888,0.9774305555555555,1.0
2018-01-03 00:00:00,56.26465798045603,0.019097222222222224,2.0
2018-01-03 01:00:00,40.90173724212812,0.06076388888888889,2.0
2018-01-03 02:00:00,38.19489685124864,0.10243055555555557,2.0
2018-01-03 03:00:00,48.42263843648209,0.14409722222222224,2.0
2018-01-03 04:00:00,99.77062975027144,0.18576388888888887,2.0
2018-01-03 05:00:00,190.03203040173722,0.22743055555555555,2.0
2018-01-03 06:00:00,257.3778501628664,0.2690972222222222,2.0
2018-01-03 07:00:00,304.214983713355,0.3107638888888889,2.0
2018-01-03 08:00:00,307.30754614549403,0.3524305555555556,2.0
2018-01-03 09:00:00,290.2671009771987,0.39409722222222227,2.0
2018-01-03 10:00:00,277.971226927253,0.4357638888888889,2.0
2018-01-03 11:00:00,275.0247014115092,0.4774305555555555,2.0
2018-01-03 12:00:00,279.7812160694897,0.5190972222222222,2.0
2018-01-03 13:00:00,293.3629207383279,0.560763888888889,2.0
2018-01-03 14:00:00,308.4902280130293,0.6024305555555555,2.0
2018-01-03 15:00:00,316.5168295331162,0.6440972222222222,2.0
2018-01-03 16:00:00,326.33767643865366,0.6857638888888888,2.0
2018-01-03 17:00:00,328.5328447339848,0.7274305555555555,2.0
2018-01-03 18:00:00,291.3832790445168,0.7690972222222222,2.0
2018-01-03 19:00:00,228.00217155266014,0.8107638888888888,2.0
2018-01-03 20:00:00,176.5613463626493,0.8524305555555555,2.0
2018-01-03 21:00:00,150.0855048859935,0.8940972222222223,2.0
2018-01-03 22:00:00,117.76194353963085,0.9357638888888888,2.0
2018-01-03 23:00:00,82.83197611292074,0.9774305555555555,2.0
2018-01-04 00:00:00,56.68539630836048,0.019097222222222224,3.0
2018-01-04 01:00:00,41.16558089033659,0.06076388888888889,3.0
2018-01-04 02:00:00,38.149837133550484,0.10243055555555557,3.0
2018-01-04 03:00:00,47.75081433224756,0.14409722222222224,3.0
2018-01-04 04:00:00,96.1900108577633,0.18576388888888887,3.0
2018-01-04 05:00:00,180.29858849077092,0.22743055555555555,3.0
2018-01-04 06:00:00,248.57328990228015,0.2690972222222222,3.0
2018-01-04 07:00:00,304.68512486427795,0.3107638888888889,3.0
2018-01-04 08:00:00,312.7309989142237,0.3524305555555556,3.0
2018-01-04 09:00:00,293.3960369163952,0.39409722222222227,3.0
2018-01-04 10:00:00,279.8830076004343,0.4357638888888889,3.0
2018-01-04 11:00:00,280.1916395222584,0.4774305555555555,3.0
2018-01-04 12:00:00,286.25,0.5190972222222222,3.0
2018-01-04 13:00:00,301.73751357220414,0.560763888888889,3.0
2018-01-04 14:00:00,327.1376221498371,0.6024305555555555,3.0
2018-01-04 15:00:00,337.1913680781759,0.6440972222222222,3.0
2018-01-04 16:00:00,340.20819761129206,0.6857638888888888,3.0
2018-01-04 17:00:00,335.18621064060807,0.7274305555555555,3.0
2018-01-04 18:00:00,301.5081433224756,0.7690972222222222,3.0
2018-01-04 19:00:00,241.61319218241042,0.8107638888888888,3.0
2018-01-04 20:00:00,191.8555917480999,0.8524305555555555,3.0
2018-01-04 21:00:00,163.13762214983714,0.8940972222222223,3.0
2018-01-04 22:00:00,128.85260586319217,0.9357638888888888,3.0
2018-01-04 23:00:00,89.45548317046689,0.9774305555555555,3.0
2018-01-05 00:00:00,59.50922909880564,0.019097222222222224,4.0
2018-01-05 01:00:00,42.16503800217155,0.06076388888888889,4.0
2018-01-05 02:00:00,38.79505971769816,0.10243055555555557,4.0
2018-01-05 03:00:00,47.44163952225841,0.14409722222222224,4.0
2018-01-05 04:00:00,94.06867535287729,0.18576388888888887,4.0
2018-01-05 05:00:00,173.51710097719868,0.22743055555555555,4.0
2018-01-05 06:00:00,236.28365906623233,0.2690972222222222,4.0
2018-01-05 07:00:00,284.80320304017374,0.3107638888888889,4.0
2018-01-05 08:00:00,303.8040173724213,0.3524305555555556,4.0
2018-01-05 09:00:00,288.3444625407166,0.39409722222222227,4.0
2018-01-05 10:00:00,280.62893593919654,0.4357638888888889,4.0
2018-01-05 11:00:00,286.9975570032573,0.4774305555555555,4.0
2018-01-05 12:00:00,296.78013029315963,0.5190972222222222,4.0
2018-01-05 13:00:00,311.5184581976113,0.560763888888889,4.0
2018-01-05 14:00:00,322.06107491856676,0.6024305555555555,4.0
2018-01-05 15:00:00,325.3683496199783,0.6440972222222222,4.0
2018-01-05 16:00:00,325.09663409337674,0.6857638888888888,4.0
2018-01-05 17:00:00,319.0958197611292,0.7274305555555555,4.0
2018-01-05 18:00:00,292.63843648208467,0.7690972222222222,4.0
2018-01-05 19:00:00,249.79994571118348,0.8107638888888888,4.0
2018-01-05 20:00:00,202.39766558089033,0.8524305555555555,4.0
2018-01-05 21:00:00,176.01981541802388,0.8940972222222223,4.0
2018-01-05 22:00:00,146.6210640608035,0.9357638888888888,4.0
2018-01-05 23:00:00,109.73208469055375,0.9774305555555555,4.0
2018-01-06 00:00:00,79.02198697068404,0.019097222222222224,5.0
2018-01-06 01:00:00,59.63382193268186,0.06076388888888889,5.0
2018-01-06 02:00:00,46.607220412595005,0.10243055555555557,5.0
2018-01-06 03:00:00,40.7027687296417,0.14409722222222224,5.0
2018-01-06 04:00:00,51.89766558089033,0.18576388888888887,5.0
2018-01-06 05:00:00,78.24049945711182,0.22743055555555555,5.0
2018-01-06 06:00:00,113.49131378935938,0.2690972222222222,5.0
2018-01-06 07:00:00,150.0996199782845,0.3107638888888889,5.0
2018-01-06 08:00:00,196.85912052117263,0.3524305555555556,5.0
2018-01-06 09:00:00,243.39060803474482,0.39409722222222227,5.0
2018-01-06 10:00:00,278.34609120521174,0.4357638888888889,5.0
2018-01-06 11:00:00,300.3843648208469,0.4774305555555555,5.0
2018-01-06 12:00:00,314.3724212812161,0.5190972222222222,5.0
2018-01-06 13:00:00,318.50922909880563,0.560763888888889,5.0
2018-01-06 14:00:00,324.699239956569,0.6024305555555555,5.0
2018-01-06 15:00:00,323.81704668838216,0.6440972222222222,5.0
2018-01-06 16:00:00,317.15010857763303,0.6857638888888888,5.0
2018-01-06 17:00:00,311.08631921824104,0.7274305555555555,5.0
2018-01-06 18:00:00,279.36509229098806,0.7690972222222222,5.0
2018-01-06 19:00:00,232.53094462540716,0.8107638888888888,5.0
2018-01-06 20:00:00,202.128664495114,0.8524305555555555,5.0
2018-01-06 21:00:00,191.92100977198697,0.8940972222222223,5.0
2018-01-06 22:00:00,169.3056460369164,0.9357638888888888,5.0
2018-01-06 23:00:00,126.60694896851248,0.9774305555555555,5.0
2018-01-07 00:00:00,87.46118349619978,0.019097222222222224,6.0
2018-01-07 01:00:00,59.49375678610207,0.06076388888888889,6.0
2018-01-07 02:00:00,48.06704668838219,0.10243055555555557,6.0
2018-01-07 03:00:00,37.85559174809989,0.14409722222222224,6.0
2018-01-07 04:00:00,40.63056460369164,0.18576388888888887,6.0
2018-01-07 05:00:00,55.45195439739414,0.22743055555555555,6.0
2018-01-07 06:00:00,79.48669923995656,0.2690972222222222,6.0
2018-01-07 07:00:00,102.92453854505972,0.3107638888888889,6.0
2018-01-07 08:00:00,144.08279044516829,0.3524305555555556,6.0
2018-01-07 09:00:00,198.27252985884908,0.39409722222222227,6.0
2018-01-07 10:00:00,245.31026058631923,0.4357638888888889,6.0
2018-01-07 11:00:00,271.36536373507056,0.4774305555555555,6.0
2018-01-07 12:00:00,290.34174809989145,0.5190972222222222,6.0
2018-01-07 13:00:00,304.89630836047775,0.560763888888889,6.0
2018-01-07 14:00:00,308.18295331161784,0.6024305555555555,6.0
2018-01-07 15:00:00,305.7958740499457,0.6440972222222222,6.0
2018-01-07 16:00:00,295.2695439739414,0.6857638888888888,6.0
2018-01-07 17:00:00,280.7755157437568,0.7274305555555555,6.0
2018-01-07 18:00:00,251.37785016286645,0.7690972222222222,6.0
2018-01-07 19:00:00,216.51492942453854,0.8107638888888888,6.0
2018-01-07 20:00:00,188.95684039087948,0.8524305555555555,6.0
2018-01-07 21:00:00,160.63110749185668,0.8940972222222223,6.0
2018-01-07 22:00:00,120.54153094462539,0.9357638888888888,6.0
2018-01-07 23:00:00,82.12486427795874,0.9774305555555555,6.0
2018-01-08 00:00:00,52.98561346362649,0.019097222222222224,0.0
2018-01-08 01:00:00,37.95385450597177,0.06076388888888889,0.0
2018-01-08 02:00:00,34.653094462540714,0.10243055555555557,0.0
2018-01-08 03:00:00,46.16720955483171,0.14409722222222224,0.0
2018-01-08 04:00:00,98.29913137893594,0.18576388888888887,0.0
2018-01-08 05:00:00,179.33306188925079,0.22743055555555555,0.0
2018-01-08 06:00:00,241.96552660152008,0.2690972222222222,0.0
2018-01-08 07:00:00,294.77633007600434,0.3107638888888889,0.0
2018-01-08 08:00:00,294.5198154180239,0.3524305555555556,0.0
2018-01-08 09:00:00,273.3257328990228,0.39409722222222227,0.0
2018-01-08 10:00:00,256.3184039087948,0.4357638888888889,0.0
2018-01-08 11:00:00,244.51655808903365,0.4774305555555555,0.0
2018-01-08 12:00:00,249.2187839305103,0.5190972222222222,0.0
2018-01-08 13:00:00,262.35342019543975,0.560763888888889,0.0
2018-01-08 14:00:00,289.421009771987,0.6024305555555555,0.0
2018-01-08 15:00:00,300.4842562432139,0.6440972222222222,0.0
2018-01-08 16:00:00,307.05944625407164,0.6857638888888888,0.0
2018-01-08 17:00:00,303.7054831704669,0.7274305555555555,0.0
2018-01-08 18:00:00,266.2673724212812,0.7690972222222222,0.0
2018-01-08 19:00:00,212.04370249728558,0.8107638888888888,0.0
2018-01-08 20:00:00,165.97204125950054,0.8524305555555555,0.0
2018-01-08 21:00:00,139.6900108577633,0.8940972222222223,0.0
2018-01-08 22:00:00,114.69679695982627,0.9357638888888888,0.0
2018-01-08 23:00:00,76.00217155266016,0.9774305555555555,0.0
2018-01-09 00:00:00,52.0713897937025,0.019097222222222224,1.0
2018-01-09 01:00:00,37.91775244299674,0.06076388888888889,1.0
2018-01-09 02:00:00,35.61672095548317,0.10243055555555557,1.0
2018-01-09 03:00:00,45.883279044516826,0.14409722222222224,1.0
2018-01-09 04:00:00,95.43838219326818,0.18576388888888887,1.0
2018-01-09 05:00:00,180.76357220412595,0.22743055555555555,1.0
2018-01-09 06:00:00,254.71932681867534,0.2690972222222222,1.0
2018-01-09 07:00:00,318.04234527687294,0.3107638888888889,1.0
2018-01-09 08:00:00,320.81297502714443,0.3524305555555556,1.0
2018-01-09 09:00:00,286.492671009772,0.39409722222222227,1.0
2018-01-09 10:00:00,262.62920738327904,0.4357638888888889,1.0
2018-01-09 11:00:00,254.96444082519,0.4774305555555555,1.0
2018-01-09 12:00:00,262.66395222584146,0.5190972222222222,1.0
2018-01-09 13:00:00,277.28040173724213,0.560763888888889,1.0
2018-01-09 14:00:00,309.1609663409338,0.6024305555555555,1.0
2018-01-09 15:00:00,312.1701954397394,0.6440972222222222,1.0
2018-01-09 16:00:00,308.45222584147666,0.6857638888888888,1.0
2018-01-09 17:00:00,310.38490770901194,0.7274305555555555,1.0
2018-01-09 18:00:00,275.75108577633006,0.7690972222222222,1.0
2018-01-09 19:00:00,218.76547231270357,0.8107638888888888,1.0
2018-01-09 20:00:00,168.6454940282302,0.8524305555555555,1.0
2018-01-09 21:00:00,143.6799674267101,0.8940972222222223,1.0
2018-01-09 22:00:00,108.90553745928338,0.9357638888888888,1.0
2018-01-09 23:00:00,74.38192182410423,0.9774305555555555,1.0
2018-01-10 00:00:00,50.43105320304017,0.019097222222222224,2.0
2018-01-10 01:00:00,36.542345276872965,0.06076388888888889,2.0
2018-01-10 02:00:00,34.78447339847991,0.10243055555555557,2.0
2018-01-10 03:00:00,44.605863192182404,0.14409722222222224,2.0
2018-01-10 04:00:00,91.39033659066233,0.18576388888888887,2.0
2018-01-10 05:00:00,176.9986427795874,0.22743055555555555,2.0
2018-01-10 06:00:00,254.50162866449512,0.2690972222222222,2.0
2018-01-10 07:00:00,307.8930510314875,0.3107638888888889,2.0
2018-01-10 08:00:00,314.1704668838219,0.3524305555555556,2.0
2018-01-10 09:00:00,300.6042345276873,0.39409722222222227,2.0
2018-01-10 10:00:00,280.3984799131379,0.4357638888888889,2.0
2018-01-10 11:00:00,270.414223669924,0.4774305555555555,2.0
2018-01-10 12:00:00,277.5070575461455,0.5190972222222222,2.0
2018-01-10 13:00:00,292.53175895765474,0.560763888888889,2.0
2018-01-10 14:00:00,322.5314875135722,0.6024305555555555,2.0
2018-01-10 15:00:00,333.47774158523345,0.6440972222222222,2.0
2018-01-10 16:00:00,338.96959826275787,0.6857638888888888,2.0
2018-01-10 17:00:00,334.0523887079262,0.7274305555555555,2.0
2018-01-10 18:00:00,304.1957111834962,0.7690972222222222,2.0
2018-01-10 19:00:00,252.11617806731815,0.8107638888888888,2.0
2018-01-10 20:00:00,195.26031487513572,0.8524305555555555,2.0
2018-01-10 21:00:00,165.8230184581976,0.8940972222222223,2.0
2018-01-10 22:00:00,134.01031487513572,0.9357638888888888,2.0
2018-01-10 23:00:00,88.44652551574376,0.9774305555555555,2.0
2018-01-11 00:00:00,58.36753528773073,0.019097222222222224,3.0
2018-01-11 01:00:00,41.172095548317046,0.06076388888888889,3.0
2018-01-11 02:00:00,38.38029315960912,0.10243055555555557,3.0
2018-01-11 03:00:00,49.127307274701415,0.14409722222222224,3.0
2018-01-11 04:00:00,100.95114006514659,0.18576388888888887,3.0
2018-01-11 05:00:00,189.6840390879479,0.22743055555555555,3.0
2018-01-11 06:00:00,266.45059717698155,0.2690972222222222,3.0
2018-01-11 07:00:00,328.31351791530943,0.3107638888888889,3.0
2018-01-11 08:00:00,330.47204125950054,0.3524305555555556,3.0
2018-01-11 09:00:00,304.20792616720956,0.39409722222222227,3.0
2018-01-11 10:00:00,283.90255157437565,0.4357638888888889,3.0
2018-01-11 11:00:00,278.0157437567861,0.4774305555555555,3.0
2018-01-11 12:00:00,283.7000542888165,0.5190972222222222,3.0
2018-01-11 13:00:00,300.3355048859935,0.560763888888889,3.0
2018-01-11 14:00:00,332.36346362649294,0.6024305555555555,3.0
2018-01-11 15:00:00,340.428338762215,0.6440972222222222,3.0
2018-01-11 16:00:00,343.67806731813243,0.6857638888888888,3.0
2018-01-11 17:00:00,338.15038002171553,0.7274305555555555,3.0
2018-01-11 18:00:00,308.1661237785016,0.7690972222222222,3.0
2018-01-11 19:00:00,261.5773615635179,0.8107638888888888,3.0
2018-01-11 20:00:00,206.38572204125953,0.8524305555555555,3.0
2018-01-11 21:00:00,173.75461454940285,0.8940972222222223,3.0
2018-01-11 22:00:00,136.09066232356136,0.9357638888888888,3.0
2018-01-11 23:00:00,94.05483170466884,0.9774305555555555,3.0
2018-01-12 00:00:00,62.49348534201955,0.019097222222222224,4.0
2018-01-12 01:00:00,43.298588490770896,0.06076388888888889,4.0
2018-01-12 02:00:00,40.44136807817589,0.10243055555555557,4.0
2018-01-12 03:00:00,48.72638436482085,0.14409722222222224,4.0
2018-01-12 04:00:00,97.4172095548317,0.18576388888888887,4.0
2018-01-12 05:00:00,183.20792616720954,0.22743055555555555,4.0
2018-01-12 06:00:00,257.38816503800217,0.2690972222222222,4.0
2018-01-12 07:00:00,318.06324647122693,0.3107638888888889,4.0
2018-01-12 08:00:00,326.1530944625407,0.3524305555555556,4.0
2018-01-12 09:00:00,300.21226927252985,0.39409722222222227,4.0
2018-01-12 10:00:00,291.1058631921824,0.4357638888888889,4.0
2018-01-12 11:00:00,293.59826275787185,0.4774305555555555,4.0
2018-01-12 12:00:00,305.61074918566777,0.5190972222222222,4.0
2018-01-12 13:00:00,317.7660152008686,0.560763888888889,4.0
2018-01-12 14:00:00,333.8626492942454,0.6024305555555555,4.0
2018-01-12 15:00:00,336.19652551574376,0.6440972222222222,4.0
2018-01-12 16:00:00,338.84826275787185,0.6857638888888888,4.0
2018-01-12 17:00:00,335.57491856677524,0.7274305555555555,4.0
2018-01-12 18:00:00,309.85884907709016,0.7690972222222222,4.0
2018-01-12 19:00:00,275.30944625407164,0.8107638888888888,4.0
2018-01-12 20:00:00,225.7385993485342,0.8524305555555555,4.0
2018-01-12 21:00:00,194.73697068403908,0.8940972222222223,4.0
2018-01-12 22:00:00,159.77551574375678,0.9357638888888888,4.0
2018-01-12 23:00:00,120.50054288816504,0.9774305555555555,4.0
2018-01-13 00:00:00,87.62106406080348,0.019097222222222224,5.0
2018-01-13 01:00:00,62.98127035830618,0.06076388888888889,5.0
2018-01-13 02:00:00,50.93458197611292,0.10243055555555557,5.0
2018-01-13 03:00:00,44.54641693811075,0.14409722222222224,5.0
2018-01-13 04:00:00,56.18838219326818,0.18576388888888887,5.0
2018-01-13 05:00:00,84.62269272529859,0.22743055555555555,5.0
2018-01-13 06:00:00,124.26357220412594,0.2690972222222222,5.0
2018-01-13 07:00:00,166.07084690553748,0.3107638888888889,5.0
2018-01-13 08:00:00,218.4913137893594,0.3524305555555556,5.0
2018-01-13 09:00:00,262.68919652551574,0.39409722222222227,5.0
2018-01-13 10:00:00,297.1452225841477,0.4357638888888889,5.0
2018-01-13 11:00:00,313.67915309446255,0.4774305555555555,5.0
2018-01-13 12:00:00,326.8450054288816,0.5190972222222222,5.0
2018-01-13 13:00:00,321.9961997828447,0.560763888888889,5.0
2018-01-13 14:00:00,305.70494028230183,0.6024305555555555,5.0
2018-01-13 15:00:00,304.1530944625407,0.6440972222222222,5.0
2018-01-13 16:00:00,296.20656894679695,0.6857638888888888,5.0
2018-01-13 17:00:00,290.47394136807816,0.7274305555555555,5.0
2018-01-13 18:00:00,256.33469055374593,0.7690972222222222,5.0
2018-01-13 19:00:00,216.70602605863192,0.8107638888888888,5.0
2018-01-13 20:00:00,185.39685124864278,0.8524305555555555,5.0
2018-01-13 21:00:00,176.94978284473396,0.8940972222222223,5.0
2018-01-13 22:00:00,157.25732899022802,0.9357638888888888,5.0
2018-01-13 23:00:00,117.24457111834961,0.9774305555555555,5.0
2018-01-14 00:00:00,81.0928338762215,0.019097222222222224,6.0
2018-01-14 01:00:00,56.754885993485345,0.06076388888888889,6.0
2018-01-14 02:00:00,46.85070575461455,0.10243055555555557,6.0
2018-01-14 03:00:00,37.27931596091205,0.14409722222222224,6.0
2018-01-14 04:00:00,38.88192182410423,0.18576388888888887,6.0
2018-01-14 05:00:00,52.373778501628664,0.22743055555555555,6.0
2018-01-14 06:00:00,79.51330076004344,0.2690972222222222,6.0
2018-01-14 07:00:00,103.59771986970684,0.3107638888888889,6.0
2018-01-14 08:00:00,145.67752442996743,0.3524305555555556,6.0
2018-01-14 09:00:00,204.67100977198697,0.39409722222222227,6.0
2018-01-14 10:00:00,252.63599348534203,0.4357638888888889,6.0
2018-01-14 11:00:00,278.23507057546146,0.4774305555555555,6.0
2018-01-14 12:00:00,292.5190010857763,0.5190972222222222,6.0
2018-01-14 13:00:00,306.3659066232356,0.560763888888889,6.0
2018-01-14 14:00:00,309.0257871878393,0.6024305555555555,6.0
2018-01-14 15:00:00,302.18322475570034,0.6440972222222222,6.0
2018-01-14 16:00:00,297.950325732899,0.6857638888888888,6.0
2018-01-14 17:00:00,285.60803474484254,0.7274305555555555,6.0
2018-01-14 18:00:00,264.985884907709,0.7690972222222222,6.0
2018-01-14 19:00:00,225.90526601520085,0.8107638888888888,6.0
2018-01-14 20:00:00,196.51492942453854,0.8524305555555555,6.0
2018-01-14 21:00:00,172.54044516829535,0.8940972222222223,6.0
2018-01-14 22:00:00,136.43512486427795,0.9357638888888888,6.0
2018-01-14 23:00:00,94.47747014115093,0.9774305555555555,6.0
2018-01-15 00:00:00,60.829804560260584,0.019097222222222224,0.0
2018-01-15 01:00:00,40.58903365906623,0.06076388888888889,0.0
2018-01-15 02:00:00,35.753528773072745,0.10243055555555557,0.0
2018-01-15 03:00:00,42.90092290988056,0.14409722222222224,0.0
2018-01-15 04:00:00,80.72882736156352,0.18576388888888887,0.0
2018-01-15 05:00:00,142.92616720955485,0.22743055555555555,0.0
2018-01-15 06:00:00,196.38219326818674,0.2690972222222222,0.0
2018-01-15 07:00:00,228.085776330076,0.3107638888888889,0.0
2018-01-15 08:00:00,239.414766558089,0.3524305555555556,0.0
2018-01-15 09:00:00,250.2969598262758,0.39409722222222227,0.0
2018-01-15 10:00:00,266.9516829533116,0.4357638888888889,0.0
2018-01-15 11:00:00,284.19381107491853,0.4774305555555555,0.0
2018-01-15 12:00:00,296.7440282301846,0.5190972222222222,0.0
2018-01-15 13:00:00,306.78338762214986,0.560763888888889,0.0
2018-01-15 14:00:00,325.5271444082519,0.6024305555555555,0.0
2018-01-15 15:00:00,331.9674267100977,0.6440972222222222,0.0
2018-01-15 16:00:00,333.26058631921825,0.6857638888888888,0.0
2018-01-15 17:00:00,321.6183496199783,0.7274305555555555,0.0
2018-01-15 18:00:00,275.12323561346363,0.7690972222222222,0.0
2018-01-15 19:00:00,222.2497285559175,0.8107638888888888,0.0
2018-01-15 20:00:00,187.98805646036917,0.8524305555555555,0.0
2018-01-15 21:00:00,158.68376764386537,0.8940972222222223,0.0
2018-01-15 22:00:00,118.63029315960911,0.9357638888888888,0.0
2018-01-15 23:00:00,79.48452768729642,0.9774305555555555,0.0
2018-01-16 00:00:00,51.92236699239957,0.019097222222222224,1.0
2018-01-16 01:00:00,37.14739413680782,0.06076388888888889,1.0
2018-01-16 02:00:00,35.1042345276873,0.10243055555555557,1.0
2018-01-16 03:00:00,47.44923995656895,0.14409722222222224,1.0
2018-01-16 04:00:00,102.47584147665582,0.18576388888888887,1.0
2018-01-16 05:00:00,194.16585233441913,0.22743055555555555,1.0
2018-01-16 06:00:00,268.48968512486425,0.2690972222222222,1.0
2018-01-16 07:00:00,320.07681867535285,0.3107638888888889,1.0
2018-01-16 08:00:00,321.8124321389794,0.3524305555555556,1.0
2018-01-16 09:00:00,303.0198154180239,0.39409722222222227,1.0
2018-01-16 10:00:00,282.09663409337674,0.4357638888888889,1.0
2018-01-16 11:00:00,268.2638436482085,0.4774305555555555,1.0
2018-01-16 12:00:00,271.40960912052117,0.5190972222222222,1.0
2018-01-16 13:00:00,286.3501628664495,0.560763888888889,1.0
2018-01-16 14:00:00,318.74321389793704,0.6024305555555555,1.0
2018-01-16 15:00:00,333.6438653637351,0.6440972222222222,1.0
2018-01-16 16:00:00,335.38653637350706,0.6857638888888888,1.0
2018-01-16 17:00:00,333.37513572204125,0.7274305555555555,1.0
2018-01-16 18:00:00,307.7415852334419,0.7690972222222222,1.0
2018-01-16 19:00:00,249.10179153094464,0.8107638888888888,1.0
2018-01-16 20:00:00,188.00190010857762,0.8524305555555555,1.0
2018-01-16 21:00:00,159.03935939196526,0.8940972222222223,1.0
2018-01-16 22:00:00,118.6843105320304,0.9357638888888888,1.0
2018-01-16 23:00:00,81.29071661237785,0.9774305555555555,1.0
2018-01-17 00:00:00,53.166666666666664,0.019097222222222224,2.0
2018-01-17 01:00:00,38.299674267100976,0.06076388888888889,2.0
2018-01-17 02:00:00,36.867535287730725,0.10243055555555557,2.0
2018-01-17 03:00:00,48.09961997828447,0.14409722222222224,2.0
2018-01-17 04:00:00,101.23697068403908,0.18576388888888887,2.0
2018-01-17 05:00:00,197.65852334419108,0.22743055555555555,2.0
2018-01-17 06:00:00,273.6430510314875,0.2690972222222222,2.0
2018-01-17 07:00:00,330.39033659066234,0.3107638888888889,2.0
2018-01-17 08:00:00,337.15798045602605,0.3524305555555556,2.0
2018-01-17 09:00:00,307.8023887079261,0.39409722222222227,2.0
2018-01-17 10:00:00,283.7570575461455,0.4357638888888889,2.0
2018-01-17 11:00:00,273.7309989142237,0.4774305555555555,2.0
2018-01-17 12:00:00,281.49321389793704,0.5190972222222222,2.0
2018-01-17 13:00:00,283.5513029315961,0.560763888888889,2.0
2018-01-17 14:00:00,320.34581976112923,0.6024305555555555,2.0
2018-01-17 15:00:00,333.0116720955483,0.6440972222222222,2.0
2018-01-17 16:00:00,338.5719326818675,0.6857638888888888,2.0
2018-01-17 17:00:00,334.0504885993485,0.7274305555555555,2.0
2018-01-17 18:00:00,302.8935939196526,0.7690972222222222,2.0
2018-01-17 19:00:00,255.04885993485343,0.8107638888888888,2.0
2018-01-17 20:00:00,199.93783930510315,0.8524305555555555,2.0
2018-01-17 21:00:00,168.12812160694895,0.8940972222222223,2.0
2018-01-17 22:00:00,126.46525515743757,0.9357638888888888,2.0
2018-01-17 23:00:00,86.65526601520087,0.9774305555555555,2.0
2018-01-18 00:00:00,57.284744842562425,0.019097222222222224,3.0
2018-01-18 01:00:00,41.35559174809989,0.06076388888888889,3.0
2018-01-18 02:00:00,39.06188925081433,0.10243055555555557,3.0
2018-01-18 03:00:00,49.22394136807818,0.14409722222222224,3.0
2018-01-18 04:00:00,98.09527687296418,0.18576388888888887,3.0
2018-01-18 05:00:00,184.97095548317046,0.22743055555555555,3.0
2018-01-18 06:00:00,256.4402823018458,0.2690972222222222,3.0
2018-01-18 07:00:00,318.4058089033659,0.3107638888888889,3.0
2018-01-18 08:00:00,321.54533116178067,0.3524305555555556,3.0
2018-01-18 09:00:00,296.72584147665583,0.39409722222222227,3.0
2018-01-18 10:00:00,278.5458740499457,0.4357638888888889,3.0
2018-01-18 11:00:00,270.65635179153094,0.4774305555555555,3.0
2018-01-18 12:00:00,280.3186753528773,0.5190972222222222,3.0
2018-01-18 13:00:00,295.12350705754614,0.560763888888889,3.0
2018-01-18 14:00:00,319.1226927252986,0.6024305555555555,3.0
2018-01-18 15:00:00,325.8960369163952,0.6440972222222222,3.0
2018-01-18 16:00:00,319.0673181324647,0.6857638888888888,3.0
2018-01-18 17:00:00,310.2752442996743,0.7274305555555555,3.0
2018-01-18 18:00:00,286.9427252985885,0.7690972222222222,3.0
2018-01-18 19:00:00,253.93811074918565,0.8107638888888888,3.0
2018-01-18 20:00:00,205.7711726384365,0.8524305555555555,3.0
2018-01-18 21:00:00,173.1104777415852,0.8940972222222223,3.0
2018-01-18 22:00:00,131.2828447339848,0.9357638888888888,3.0
2018-01-18 23:00:00,89.14983713355049,0.9774305555555555,3.0
2018-01-19 00:00:00,58.042616720955486,0.019097222222222224,4.0
2018-01-19 01:00:00,41.838219326818674,0.06076388888888889,4.0
2018-01-19 02:00:00,38.92236699239957,0.10243055555555557,4.0
2018-01-19 03:00:00,48.394136807817596,0.14409722222222224,4.0
2018-01-19 04:00:00,97.47557003257329,0.18576388888888887,4.0
2018-01-19 05:00:00,183.09201954397395,0.22743055555555555,4.0
2018-01-19 06:00:00,254.9334961997828,0.2690972222222222,4.0
2018-01-19 07:00:00,319.45656894679695,0.3107638888888889,4.0
2018-01-19 08:00:00,323.3819218241042,0.3524305555555556,4.0
2018-01-19 09:00:00,300.56351791530943,0.39409722222222227,4.0
2018-01-19 10:00:00,278.02388707926167,0.4357638888888889,4.0
2018-01-19 11:00:00,289.82220412595007,0.4774305555555555,4.0
2018-01-19 12:00:00,304.6031487513572,0.5190972222222222,4.0
2018-01-19 13:00:00,319.299674267101,0.560763888888889,4.0
2018-01-19 14:00:00,333.44598262757876,0.6024305555555555,4.0
2018-01-19 15:00:00,337.3026601520087,0.6440972222222222,4.0
2018-01-19 16:00:00,339.16368078175896,0.6857638888888888,4.0
2018-01-19 17:00:00,335.6615092290988,0.7274305555555555,4.0
2018-01-19 18:00:00,313.42535287730726,0.7690972222222222,4.0
2018-01-19 19:00:00,268.81650380021716,0.8107638888888888,4.0
2018-01-19 20:00:00,224.4155808903366,0.8524305555555555,4.0
2018-01-19 21:00:00,193.2057546145494,0.8940972222222223,4.0
2018-01-19 22:00:00,160.32003257328992,0.9357638888888888,4.0
2018-01-19 23:00:00,117.23887079261671,0.9774305555555555,4.0
2018-01-20 00:00:00,83.5184581976113,0.019097222222222224,5.0
2018-01-20 01:00:00,59.475570032573295,0.06076388888888889,5.0
2018-01-20 02:00:00,50.090662323561354,0.10243055555555557,5.0
2018-01-20 03:00:00,43.85749185667752,0.14409722222222224,5.0
2018-01-20 04:00:00,56.78121606948969,0.18576388888888887,5.0
2018-01-20 05:00:00,86.0114006514658,0.22743055555555555,5.0
2018-01-20 06:00:00,122.03908794788275,0.2690972222222222,5.0
2018-01-20 07:00:00,167.23452768729643,0.3107638888888889,5.0
2018-01-20 08:00:00,223.3887079261672,0.3524305555555556,5.0
2018-01-20 09:00:00,264.9478827361564,0.39409722222222227,5.0
2018-01-20 10:00:00,293.70059717698155,0.4357638888888889,5.0
2018-01-20 11:00:00,310.6805103148751,0.4774305555555555,5.0
2018-01-20 12:00:00,322.82437567861024,0.5190972222222222,5.0
2018-01-20 13:00:00,325.99918566775244,0.560763888888889,5.0
2018-01-20 14:00:00,329.0268729641694,0.6024305555555555,5.0
2018-01-20 15:00:00,330.68621064060807,0.6440972222222222,5.0
2018-01-20 16:00:00,326.56921824104234,0.6857638888888888,5.0
2018-01-20 17:00:00,321.37947882736154,0.7274305555555555,5.0
2018-01-20 18:00:00,288.57681867535285,0.7690972222222222,5.0
2018-01-20 19:00:00,238.50570032573287,0.8107638888888888,5.0
2018-01-20 20:00:00,208.38925081433226,0.8524305555555555,5.0
2018-01-20 21:00:00,196.63192182410424,0.8940972222222223,5.0
2018-01-20 22:00:00,175.45955483170465,0.9357638888888888,5.0
2018-01-20 23:00:00,130.95982627578718,0.9774305555555555,5.0
2018-01-21 00:00:00,89.39603691639523,0.019097222222222224,6.0
2018-01-21 01:00:00,62.02741585233442,0.06076388888888889,6.0
2018-01-21 02:00:00,49.75732899022802,0.10243055555555557,6.0
2018-01-21 03:00:00,38.5542888165038,0.14409722222222224,6.0
2018-01-21 04:00:00,39.077904451682954,0.18576388888888887,6.0
2018-01-21 05:00:00,51.115635179153095,0.22743055555555555,6.0
2018-01-21 06:00:00,74.70656894679696,0.2690972222222222,6.0
2018-01-21 07:00:00,101.23669923995658,0.3107638888888889,6.0
2018-01-21 08:00:00,145.60830618892507,0.3524305555555556,6.0
2018-01-21 09:00:00,202.21199782844735,0.39409722222222227,6.0
2018-01-21 10:00:00,249.56650380021713,0.4357638888888889,6.0
2018-01-21 11:00:00,277.5868621064061,0.4774305555555555,6.0
2018-01-21 12:00:00,293.2559717698154,0.5190972222222222,6.0
2018-01-21 13:00:00,300.7747014115092,0.560763888888889,6.0
2018-01-21 14:00:00,300.05917480998914,0.6024305555555555,6.0
2018-01-21 15:00:00,300.73914223669925,0.6440972222222222,6.0
2018-01-21 16:00:00,293.7038545059718,0.6857638888888888,6.0
2018-01-21 17:00:00,279.6919109663409,0.7274305555555555,6.0
2018-01-21 18:00:00,256.79777415852334,0.7690972222222222,6.0
2018-01-21 19:00:00,218.78257328990227,0.8107638888888888,6.0
2018-01-21 20:00:00,192.15472312703582,0.8524305555555555,6.0
2018-01-21 21:00:00,160.96389793702497,0.8940972222222223,6.0
2018-01-21 22:00:00,120.06188925081433,0.9357638888888888,6.0
2018-01-21 23:00:00,80.31921824104235,0.9774305555555555,6.0
2018-01-22 00:00:00,52.75841476655808,0.019097222222222224,0.0
2018-01-22 01:00:00,36.981813246471226,0.06076388888888889,0.0
2018-01-22 02:00:00,32.998642779587406,0.10243055555555557,0.0
2018-01-22 03:00:00,45.424267100977204,0.14409722222222224,0.0
2018-01-22 04:00:00,97.75108577633007,0.18576388888888887,0.0
2018-01-22 05:00:00,187.27741585233443,0.22743055555555555,0.0
2018-01-22 06:00:00,256.04180238870794,0.2690972222222222,0.0
2018-01-22 07:00:00,309.98534201954396,0.3107638888888889,0.0
2018-01-22 08:00:00,313.29153094462544,0.3524305555555556,0.0
2018-01-22 09:00:00,294.9440825190011,0.39409722222222227,0.0
2018-01-22 10:00:00,278.67480998914226,0.4357638888888889,0.0
2018-01-22 11:00:00,267.1387079261672,0.4774305555555555,0.0
2018-01-22 12:00:00,271.60532030401737,0.5190972222222222,0.0
2018-01-22 13:00:00,284.0404451682953,0.560763888888889,0.0
2018-01-22 14:00:00,318.1384364820847,0.6024305555555555,0.0
2018-01-22 15:00:00,329.4701411509229,0.6440972222222222,0.0
2018-01-22 16:00:00,332.1055917480999,0.6857638888888888,0.0
2018-01-22 17:00:00,333.56514657980455,0.7274305555555555,0.0
2018-01-22 18:00:00,295.73941368078175,0.7690972222222222,0.0
2018-01-22 19:00:00,231.1202497285559,0.8107638888888888,0.0
2018-01-22 20:00:00,179.5846905537459,0.8524305555555555,0.0
2018-01-22 21:00:00,152.0116720955483,0.8940972222222223,0.0
2018-01-22 22:00:00,113.11237785016287,0.9357638888888888,0.0
2018-01-22 23:00:00,78.85613463626493,0.9774305555555555,0.0
2018-01-23 00:00:00,51.79994571118349,0.019097222222222224,1.0
2018-01-23 01:00:00,37.13680781758958,0.06076388888888889,1.0
2018-01-23 02:00:00,35.85450597176982,0.10243055555555557,1.0
2018-01-23 03:00:00,47.98669923995657,0.14409722222222224,1.0
2018-01-23 04:00:00,102.68132464712268,0.18576388888888887,1.0
2018-01-23 05:00:00,197.1159066232356,0.22743055555555555,1.0
2018-01-23 06:00:00,273.4500542888165,0.2690972222222222,1.0
2018-01-23 07:00:00,330.6400651465798,0.3107638888888889,1.0
2018-01-23 08:00:00,329.7630293159609,0.3524305555555556,1.0
2018-01-23 09:00:00,306.5928338762215,0.39409722222222227,1.0
2018-01-23 10:00:00,281.5952768729642,0.4357638888888889,1.0
2018-01-23 11:00:00,270.3102605863192,0.4774305555555555,1.0
2018-01-23 12:00:00,275.37052117263846,0.5190972222222222,1.0
2018-01-23 13:00:00,292.15960912052117,0.560763888888889,1.0
2018-01-23 14:00:00,326.85993485342016,0.6024305555555555,1.0
2018-01-23 15:00:00,336.01818675352877,0.6440972222222222,1.0
2018-01-23 16:00:00,339.10559174809987,0.6857638888888888,1.0
2018-01-23 17:00:00,339.67752442996743,0.7274305555555555,1.0
2018-01-23 18:00:00,309.93675352877307,0.7690972222222222,1.0
2018-01-23 19:00:00,256.73778501628664,0.8107638888888888,1.0
2018-01-23 20:00:00,197.61943539630838,0.8524305555555555,1.0
2018-01-23 21:00:00,166.53881650380023,0.8940972222222223,1.0
2018-01-23 22:00:00,133.9370249728556,0.9357638888888888,1.0
2018-01-23 23:00:00,85.42752442996743,0.9774305555555555,1.0
2018-01-24 00:00:00,53.039359391965256,0.019097222222222224,2.0
2018-01-24 01:00:00,37.53447339847991,0.06076388888888889,2.0
2018-01-24 02:00:00,36.29533116178067,0.10243055555555557,2.0
2018-01-24 03:00:00,48.1628664495114,0.14409722222222224,2.0
2018-01-24 04:00:00,101.22448425624322,0.18576388888888887,2.0
2018-01-24 05:00:00,195.29098805646038,0.22743055555555555,2.0
2018-01-24 06:00:00,272.8585776330076,0.2690972222222222,2.0
2018-01-24 07:00:00,331.79750271444084,0.3107638888888889,2.0
2018-01-24 08:00:00,336.74077090119437,0.3524305555555556,2.0
2018-01-24 09:00:00,305.0138436482085,0.39409722222222227,2.0
2018-01-24 10:00:00,279.05510314875136,0.4357638888888889,2.0
2018-01-24 11:00:00,269.3083604777416,0.4774305555555555,2.0
2018-01-24 12:00:00,277.77442996742667,0.5190972222222222,2.0
2018-01-24 13:00:00,294.42535287730726,0.560763888888889,2.0
2018-01-24 14:00:00,317.7328990228013,0.6024305555555555,2.0
2018-01-24 15:00:00,318.65770901194355,0.6440972222222222,2.0
2018-01-24 16:00:00,312.4421824104234,0.6857638888888888,2.0
2018-01-24 17:00:00,304.8509771986971,0.7274305555555555,2.0
2018-01-24 18:00:00,282.8585776330076,0.7690972222222222,2.0
2018-01-24 19:00:00,244.91802388707924,0.8107638888888888,2.0
2018-01-24 20:00:00,194.85423452768728,0.8524305555555555,2.0
2018-01-24 21:00:00,163.72095548317046,0.8940972222222223,2.0
2018-01-24 22:00:00,123.75542888165039,0.9357638888888888,2.0
2018-01-24 23:00:00,82.52985884907709,0.9774305555555555,2.0
2018-01-25 00:00:00,55.67671009771987,0.019097222222222224,3.0
2018-01-25 01:00:00,39.32763300760043,0.06076388888888889,3.0
2018-01-25 02:00:00,37.3699782844734,0.10243055555555557,3.0
2018-01-25 03:00:00,48.78610206297503,0.14409722222222224,3.0
2018-01-25 04:00:00,100.84636264929425,0.18576388888888887,3.0
2018-01-25 05:00:00,189.84527687296418,0.22743055555555555,3.0
2018-01-25 06:00:00,263.3623778501629,0.2690972222222222,3.0
2018-01-25 07:00:00,326.5143865363735,0.3107638888888889,3.0
2018-01-25 08:00:00,321.58821932681866,0.3524305555555556,3.0
2018-01-25 09:00:00,284.8026601520087,0.39409722222222227,3.0
2018-01-25 10:00:00,274.14250814332246,0.4357638888888889,3.0
2018-01-25 11:00:00,272.3887079261672,0.4774305555555555,3.0
2018-01-25 12:00:00,280.9109663409338,0.5190972222222222,3.0
2018-01-25 13:00:00,293.47638436482083,0.560763888888889,3.0
2018-01-25 14:00:00,322.40390879478826,0.6024305555555555,3.0
2018-01-25 15:00:00,335.5838762214984,0.6440972222222222,3.0
2018-01-25 16:00:00,340.9299674267101,0.6857638888888888,3.0
2018-01-25 17:00:00,340.1840390879479,0.7274305555555555,3.0
2018-01-25 18:00:00,307.07681867535285,0.7690972222222222,3.0
2018-01-25 19:00:00,256.26492942453854,0.8107638888888888,3.0
2018-01-25 20:00:00,203.98289902280132,0.8524305555555555,3.0
2018-01-25 21:00:00,176.32519001085777,0.8940972222222223,3.0
2018-01-25 22:00:00,146.16883821932683,0.9357638888888888,3.0
2018-01-25 23:00:00,95.77388707926167,0.9774305555555555,3.0
2018-01-26 00:00:00,60.38110749185668,0.019097222222222224,4.0
2018-01-26 01:00:00,42.99647122692725,0.06076388888888889,4.0
2018-01-26 02:00:00,40.15988056460369,0.10243055555555557,4.0
2018-01-26 03:00:00,49.64766558089033,0.14409722222222224,4.0
2018-01-26 04:00:00,99.6142779587405,0.18576388888888887,4.0
2018-01-26 05:00:00,187.74239956568945,0.22743055555555555,4.0
2018-01-26 06:00:00,259.90635179153094,0.2690972222222222,4.0
2018-01-26 07:00:00,323.16530944625407,0.3107638888888889,4.0
2018-01-26 08:00:00,328.4302388707926,0.3524305555555556,4.0
2018-01-26 09:00:00,302.9318675352877,0.39409722222222227,4.0
2018-01-26 10:00:00,292.52605863192184,0.4357638888888889,4.0
2018-01-26 11:00:00,292.39630836047775,0.4774305555555555,4.0
2018-01-26 12:00:00,308.7326275787188,0.5190972222222222,4.0
2018-01-26 13:00:00,323.64115092290984,0.560763888888889,4.0
2018-01-26 14:00:00,338.96634093376764,0.6024305555555555,4.0
2018-01-26 15:00:00,343.87024972855596,0.6440972222222222,4.0
2018-01-26 16:00:00,344.36074918566777,0.6857638888888888,4.0
2018-01-26 17:00:00,337.32111834962,0.7274305555555555,4.0
2018-01-26 18:00:00,312.3783930510315,0.7690972222222222,4.0
2018-01-26 19:00:00,276.24511400651465,0.8107638888888888,4.0
2018-01-26 20:00:00,227.2956026058632,0.8524305555555555,4.0
2018-01-26 21:00:00,194.6514657980456,0.8940972222222223,4.0
2018-01-26 22:00:00,160.09364820846906,0.9357638888888888,4.0
2018-01-26 23:00:00,119.62160694896852,0.9774305555555555,4.0
2018-01-27 00:00:00,85.64115092290989,0.019097222222222224,5.0
2018-01-27 01:00:00,60.2228555917481,0.06076388888888889,5.0
2018-01-27 02:00:00,51.40553745928339,0.10243055555555557,5.0
2018-01-27 03:00:00,45.49484256243213,0.14409722222222224,5.0
2018-01-27 04:00:00,56.266286644951144,0.18576388888888887,5.0
2018-01-27 05:00:00,86.59201954397395,0.22743055555555555,5.0
2018-01-27 06:00:00,124.86373507057546,0.2690972222222222,5.0
2018-01-27 07:00:00,171.8300760043431,0.3107638888888889,5.0
2018-01-27 08:00:00,224.757328990228,0.3524305555555556,5.0
2018-01-27 09:00:00,267.41558089033657,0.39409722222222227,5.0
2018-01-27 10:00:00,295.835776330076,0.4357638888888889,5.0
2018-01-27 11:00:00,314.1001628664495,0.4774305555555555,5.0
2018-01-27 12:00:00,323.41178067318134,0.5190972222222222,5.0
2018-01-27 13:00:00,323.3327904451683,0.560763888888889,5.0
2018-01-27 14:00:00,331.28583061889253,0.6024305555555555,5.0
2018-01-27 15:00:00,336.2250271444082,0.6440972222222222,5.0
2018-01-27 16:00:00,322.4812703583062,0.6857638888888888,5.0
2018-01-27 17:00:00,297.2483713355049,0.7274305555555555,5.0
2018-01-27 18:00:00,272.199239956569,0.7690972222222222,5.0
2018-01-27 19:00:00,243.60016286644952,0.8107638888888888,5.0
2018-01-27 20:00:00,214.69055374592836,0.8524305555555555,5.0
2018-01-27 21:00:00,200.8382193268187,0.8940972222222223,5.0
2018-01-27 22:00:00,176.4573832790445,0.9357638888888888,5.0
2018-01-27 23:00:00,131.87947882736157,0.9774305555555555,5.0
2018-01-28 00:00:00,90.66612377850163,0.019097222222222224,6.0
2018-01-28 01:00:00,62.81080347448426,0.06076388888888889,6.0
2018-01-28 02:00:00,49.62214983713355,0.10243055555555557,6.0
2018-01-28 03:00:00,38.621335504886,0.14409722222222224,6.0
2018-01-28 04:00:00,39.131107491856675,0.18576388888888887,6.0
2018-01-28 05:00:00,52.54370249728556,0.22743055555555555,6.0
2018-01-28 06:00:00,77.94381107491857,0.2690972222222222,6.0
2018-01-28 07:00:00,107.75027144408251,0.3107638888888889,6.0
2018-01-28 08:00:00,151.82980456026058,0.3524305555555556,6.0
2018-01-28 09:00:00,210.75054288816503,0.39409722222222227,6.0
2018-01-28 10:00:00,254.45059717698155,0.4357638888888889,6.0
2018-01-28 11:00:00,278.01791530944627,0.4774305555555555,6.0
2018-01-28 12:00:00,296.0732899022801,0.5190972222222222,6.0
2018-01-28 13:00:00,310.5019001085777,0.560763888888889,6.0
2018-01-28 14:00:00,314.0488599348534,0.6024305555555555,6.0
2018-01-28 15:00:00,305.61183496199783,0.6440972222222222,6.0
2018-01-28 16:00:00,305.13246471226927,0.6857638888888888,6.0
2018-01-28 17:00:00,291.1590662323561,0.7274305555555555,6.0
2018-01-28 18:00:00,268.6995114006515,0.7690972222222222,6.0
2018-01-28 19:00:00,232.5572747014115,0.8107638888888888,6.0
2018-01-28 20:00:00,203.70684039087948,0.8524305555555555,6.0
2018-01-28 21:00:00,171.61264929424536,0.8940972222222223,6.0
2018-01-28 22:00:00,132.32111834961998,0.9357638888888888,6.0
2018-01-28 23:00:00,84.86102062975027,0.9774305555555555,6.0
2018-01-29 00:00:00,52.745385450597176,0.019097222222222224,0.0
2018-01-29 01:00:00,36.9628121606949,0.06076388888888889,0.0
2018-01-29 02:00:00,34.50027144408252,0.10243055555555557,0.0
2018-01-29 03:00:00,47.95901194353963,0.14409722222222224,0.0
2018-01-29 04:00:00,103.23534201954398,0.18576388888888887,0.0
2018-01-29 05:00:00,196.85016286644952,0.22743055555555555,0.0
2018-01-29 06:00:00,269.3428338762215,0.2690972222222222,0.0
2018-01-29 07:00:00,331.0285016286645,0.3107638888888889,0.0
2018-01-29 08:00:00,331.0133007600434,0.3524305555555556,0.0
2018-01-29 09:00:00,300.9590119435396,0.39409722222222227,0.0
2018-01-29 10:00:00,279.6237785016287,0.4357638888888889,0.0
2018-01-29 11:00:00,267.12323561346363,0.4774305555555555,0.0
2018-01-29 12:00:00,274.32437567861024,0.5190972222222222,0.0
2018-01-29 13:00:00,288.41558089033657,0.560763888888889,0.0
2018-01-29 14:00:00,320.8300760043431,0.6024305555555555,0.0
2018-01-29 15:00:00,335.72584147665583,0.6440972222222222,0.0
2018-01-29 16:00:00,340.7415852334419,0.6857638888888888,0.0
2018-01-29 17:00:00,334.5019001085777,0.7274305555555555,0.0
2018-01-29 18:00:00,299.3680781758958,0.7690972222222222,0.0
2018-01-29 19:00:00,241.2410423452769,0.8107638888888888,0.0
2018-01-29 20:00:00,182.76357220412595,0.8524305555555555,0.0
2018-01-29 21:00:00,152.26927252985885,0.8940972222222223,0.0
2018-01-29 22:00:00,113.3900651465798,0.9357638888888888,0.0
2018-01-29 23:00:00,77.60450597176983,0.9774305555555555,0.0
2018-01-30 00:00:00,52.14467969598263,0.019097222222222224,1.0
2018-01-30 01:00:00,37.18458197611292,0.06076388888888889,1.0
2018-01-30 02:00:00,35.970141150922906,0.10243055555555557,1.0
2018-01-30 03:00:00,47.52008686210641,0.14409722222222224,1.0
2018-01-30 04:00:00,101.54668838219327,0.18576388888888887,1.0
2018-01-30 05:00:00,197.3460912052117,0.22743055555555555,1.0
2018-01-30 06:00:00,273.8583061889251,0.2690972222222222,1.0
2018-01-30 07:00:00,331.16802388707924,0.3107638888888889,1.0
2018-01-30 08:00:00,332.62649294245386,0.3524305555555556,1.0
2018-01-30 09:00:00,305.2844733984799,0.39409722222222227,1.0
2018-01-30 10:00:00,282.9500542888165,0.4357638888888889,1.0
2018-01-30 11:00:00,272.03040173724213,0.4774305555555555,1.0
2018-01-30 12:00:00,275.4714983713355,0.5190972222222222,1.0
2018-01-30 13:00:00,289.97366992399566,0.560763888888889,1.0
2018-01-30 14:00:00,320.7874592833876,0.6024305555555555,1.0
2018-01-30 15:00:00,334.757871878393,0.6440972222222222,1.0
2018-01-30 16:00:00,337.9397394136808,0.6857638888888888,1.0
2018-01-30 17:00:00,338.04505971769817,0.7274305555555555,1.0
2018-01-30 18:00:00,304.57709011943535,0.7690972222222222,1.0
2018-01-30 19:00:00,257.8702497285559,0.8107638888888888,1.0
2018-01-30 20:00:00,201.3827361563518,0.8524305555555555,1.0
2018-01-30 21:00:00,166.58631921824104,0.8940972222222223,1.0
2018-01-30 22:00:00,123.71308360477741,0.9357638888888888,1.0
2018-01-30 23:00:00,82.83034744842563,0.9774305555555555,1.0
2018-01-31 00:00:00,54.153094462540714,0.019097222222222224,2.0
2018-01-31 01:00:00,38.70358306188925,0.06076388888888889,2.0
2018-01-31 02:00:00,38.18403908794789,0.10243055555555557,2.0
2018-01-31 03:00:00,49.47176981541802,0.14409722222222224,2.0
2018-01-31 04:00:00,104.24891422366993,0.18576388888888887,2.0
2018-01-31 05:00:00,199.79207383279046,0.22743055555555555,2.0
2018-01-31 06:00:00,272.81541802388705,0.2690972222222222,2.0
2018-01-31 07:00:00,330.9557546145494,0.3107638888888889,2.0
2018-01-31 08:00:00,328.66775244299674,0.3524305555555556,2.0
2018-01-31 09:00:00,307.70466883821933,0.39409722222222227,2.0
2018-01-31 10:00:00,283.4668838219327,0.4357638888888889,2.0
2018-01-31 11:00:00,273.4747557003257,0.4774305555555555,2.0
2018-01-31 12:00:00,282.2204125950054,0.5190972222222222,2.0
2018-01-31 13:00:00,292.3116178067318,0.560763888888889,2.0
2018-01-31 14:00:00,321.87106406080346,0.6024305555555555,2.0
2018-01-31 15:00:00,330.10722041259504,0.6440972222222222,2.0
2018-01-31 16:00:00,335.8726927252986,0.6857638888888888,2.0
2018-01-31 17:00:00,334.75515743756785,0.7274305555555555,2.0
2018-01-31 18:00:00,305.1552660152009,0.7690972222222222,2.0
2018-01-31 19:00:00,262.0230727470141,0.8107638888888888,2.0
2018-01-31 20:00:00,206.78040173724216,0.8524305555555555,2.0
2018-01-31 21:00:00,173.90228013029318,0.8940972222222223,2.0
2018-01-31 22:00:00,127.0914766558089,0.9357638888888888,2.0
2018-01-31 23:00:00,88.24945711183496,0.9774305555555555,2.0
2018-02-01 00:00:00,57.897937024972855,0.019097222222222224,3.0
2018-02-01 01:00:00,40.48154180238871,0.06076388888888889,3.0
2018-02-01 02:00:00,38.60586319218241,0.10243055555555557,3.0
2018-02-01 03:00:00,50.38409337676438,0.14409722222222224,3.0
2018-02-01 04:00:00,103.28827361563516,0.18576388888888887,3.0
2018-02-01 05:00:00,190.7244842562432,0.22743055555555555,3.0
2018-02-01 06:00:00,263.57437567861024,0.2690972222222222,3.0
2018-02-01 07:00:00,323.74049945711187,0.3107638888888889,3.0
2018-02-01 08:00:00,325.4305103148751,0.3524305555555556,3.0
2018-02-01 09:00:00,305.83251900108576,0.39409722222222227,3.0
2018-02-01 10:00:00,283.6159066232356,0.4357638888888889,3.0
2018-02-01 11:00:00,273.43675352877307,0.4774305555555555,3.0
2018-02-01 12:00:00,285.96959826275787,0.5190972222222222,3.0
2018-02-01 13:00:00,299.7692725298588,0.560763888888889,3.0
2018-02-01 14:00:00,327.69245385450597,0.6024305555555555,3.0
2018-02-01 15:00:00,339.8900651465798,0.6440972222222222,3.0
2018-02-01 16:00:00,340.1587947882736,0.6857638888888888,3.0
2018-02-01 17:00:00,338.6984256243214,0.7274305555555555,3.0
2018-02-01 18:00:00,310.18512486427795,0.7690972222222222,3.0
2018-02-01 19:00:00,264.5252442996743,0.8107638888888888,3.0
2018-02-01 20:00:00,211.41530944625404,0.8524305555555555,3.0
2018-02-01 21:00:00,177.97937024972853,0.8940972222222223,3.0
2018-02-01 22:00:00,137.15472312703582,0.9357638888888888,3.0
2018-02-01 23:00:00,94.33740499457112,0.9774305555555555,3.0
2018-02-02 00:00:00,63.55401737242128,0.019097222222222224,4.0
2018-02-02 01:00:00,44.68186753528773,0.06076388888888889,4.0
2018-02-02 02:00:00,40.89223669923996,0.10243055555555557,4.0
2018-02-02 03:00:00,50.988056460369165,0.14409722222222224,4.0
2018-02-02 04:00:00,99.98045602605863,0.18576388888888887,4.0
2018-02-02 05:00:00,188.9245385450597,0.22743055555555555,4.0
2018-02-02 06:00:00,260.7475570032573,0.2690972222222222,4.0
2018-02-02 07:00:00,321.4747557003257,0.3107638888888889,4.0
2018-02-02 08:00:00,325.6826818675353,0.3524305555555556,4.0
2018-02-02 09:00:00,304.80456026058636,0.39409722222222227,4.0
2018-02-02 10:00:00,292.9674267100977,0.4357638888888889,4.0
2018-02-02 11:00:00,297.22557003257333,0.4774305555555555,4.0
2018-02-02 12:00:00,309.17182410423453,0.5190972222222222,4.0
2018-02-02 13:00:00,323.40173724212815,0.560763888888889,4.0
2018-02-02 14:00:00,334.93078175895766,0.6024305555555555,4.0
2018-02-02 15:00:00,335.4296959826276,0.6440972222222222,4.0
2018-02-02 16:00:00,336.9343105320304,0.6857638888888888,4.0
2018-02-02 17:00:00,334.9842562432139,0.7274305555555555,4.0
2018-02-02 18:00:00,309.10667752443,0.7690972222222222,4.0
2018-02-02 19:00:00,274.70629750271445,0.8107638888888888,4.0
2018-02-02 20:00:00,225.85342019543975,0.8524305555555555,4.0
2018-02-02 21:00:00,196.92643865363735,0.8940972222222223,4.0
2018-02-02 22:00:00,164.0203583061889,0.9357638888888888,4.0
2018-02-02 23:00:00,119.65988056460368,0.9774305555555555,4.0
2018-02-03 00:00:00,83.42046688382193,0.019097222222222224,5.0
2018-02-03 01:00:00,59.88517915309446,0.06076388888888889,5.0
2018-02-03 02:00:00,50.05890336590662,0.10243055555555557,5.0
2018-02-03 03:00:00,43.593648208469055,0.14409722222222224,5.0
2018-02-03 04:00:00,55.82763300760043,0.18576388888888887,5.0
2018-02-03 05:00:00,83.84663409337676,0.22743055555555555,5.0
2018-02-03 06:00:00,123.72882736156352,0.2690972222222222,5.0
2018-02-03 07:00:00,172.96471226927255,0.3107638888888889,5.0
2018-02-03 08:00:00,231.17345276872962,0.3524305555555556,5.0
2018-02-03 09:00:00,276.19923995656893,0.39409722222222227,5.0
2018-02-03 10:00:00,303.4799131378936,0.4357638888888889,5.0
2018-02-03 11:00:00,314.7711726384365,0.4774305555555555,5.0
2018-02-03 12:00:00,325.13816503800217,0.5190972222222222,5.0
2018-02-03 13:00:00,326.19272529858847,0.560763888888889,5.0
2018-02-03 14:00:00,323.6468512486428,0.6024305555555555,5.0
2018-02-03 15:00:00,318.9044516829533,0.6440972222222222,5.0
2018-02-03 16:00:00,313.8298045602606,0.6857638888888888,5.0
2018-02-03 17:00:00,291.6984256243214,0.7274305555555555,5.0
2018-02-03 18:00:00,269.8569489685125,0.7690972222222222,5.0
2018-02-03 19:00:00,227.35450597176984,0.8107638888888888,5.0
2018-02-03 20:00:00,199.75434310532032,0.8524305555555555,5.0
2018-02-03 21:00:00,181.15825190010858,0.8940972222222223,5.0
2018-02-03 22:00:00,157.1872964169381,0.9357638888888888,5.0
2018-02-03 23:00:00,118.08333333333333,0.9774305555555555,5.0
2018-02-04 00:00:00,84.44109663409337,0.019097222222222224,6.0
2018-02-04 01:00:00,60.46118349619979,0.06076388888888889,6.0
2018-02-04 02:00:00,47.526601520086864,0.10243055555555557,6.0
2018-02-04 03:00:00,36.724212812160694,0.14409722222222224,6.0
2018-02-04 04:00:00,37.47665580890337,0.18576388888888887,6.0
2018-02-04 05:00:00,49.3414766558089,0.22743055555555555,6.0
2018-02-04 06:00:00,72.06351791530945,0.2690972222222222,6.0
2018-02-04 07:00:00,101.20548317046689,0.3107638888888889,6.0
2018-02-04 08:00:00,142.3170466883822,0.3524305555555556,6.0
2018-02-04 09:00:00,189.57084690553745,0.39409722222222227,6.0
2018-02-04 10:00:00,227.45032573289905,0.4357638888888889,6.0
2018-02-04 11:00:00,250.10803474484257,0.4774305555555555,6.0
2018-02-04 12:00:00,266.4432681867535,0.5190972222222222,6.0
2018-02-04 13:00:00,282.20602605863195,0.560763888888889,6.0
2018-02-04 14:00:00,296.0640608034745,0.6024305555555555,6.0
2018-02-04 15:00:00,271.19543973941364,0.6440972222222222,6.0
2018-02-04 16:00:00,230.26492942453854,0.6857638888888888,6.0
2018-02-04 17:00:00,214.99348534201954,0.7274305555555555,6.0
2018-02-04 18:00:00,206.9272529858849,0.7690972222222222,6.0
2018-02-04 19:00:00,214.1539087947883,0.8107638888888888,6.0
2018-02-04 20:00:00,232.5770901194354,0.8524305555555555,6.0
2018-02-04 21:00:00,173.10504885993487,0.8940972222222223,6.0
2018-02-04 22:00:00,121.75950054288818,0.9357638888888888,6.0
2018-02-04 23:00:00,78.58550488599349,0.9774305555555555,6.0
2018-02-05 00:00:00,48.305917480998914,0.019097222222222224,0.0
2018-02-05 01:00:00,34.530944625407166,0.06076388888888889,0.0
2018-02-05 02:00:00,32.97665580890337,0.10243055555555557,0.0
2018-02-05 03:00:00,45.042345276872965,0.14409722222222224,0.0
2018-02-05 04:00:00,96.93403908794788,0.18576388888888887,0.0
2018-02-05 05:00:00,181.06080347448426,0.22743055555555555,0.0
2018-02-05 06:00:00,247.42345276872962,0.2690972222222222,0.0
2018-02-05 07:00:00,301.03745928338765,0.3107638888888889,0.0
2018-02-05 08:00:00,302.8523344191097,0.3524305555555556,0.0
2018-02-05 09:00:00,298.23887079261675,0.39409722222222227,0.0
2018-02-05 10:00:00,279.9997285559175,0.4357638888888889,0.0
2018-02-05 11:00:00,270.2926167209555,0.4774305555555555,0.0
2018-02-05 12:00:00,275.3026601520087,0.5190972222222222,0.0
2018-02-05 13:00:00,286.30374592833874,0.560763888888889,0.0
2018-02-05 14:00:00,318.89657980456025,0.6024305555555555,0.0
2018-02-05 15:00:00,329.6430510314875,0.6440972222222222,0.0
2018-02-05 16:00:00,330.03393051031486,0.6857638888888888,0.0
2018-02-05 17:00:00,332.74484256243215,0.7274305555555555,0.0
2018-02-05 18:00:00,299.8770358306189,0.7690972222222222,0.0
2018-02-05 19:00:00,241.80618892508141,0.8107638888888888,0.0
2018-02-05 20:00:00,186.25244299674264,0.8524305555555555,0.0
2018-02-05 21:00:00,155.01710097719868,0.8940972222222223,0.0
2018-02-05 22:00:00,115.292888165038,0.9357638888888888,0.0
2018-02-05 23:00:00,76.29315960912052,0.9774305555555555,0.0
2018-02-06 00:00:00,52.19761129207384,0.019097222222222224,1.0
2018-02-06 01:00:00,37.207654723127035,0.06076388888888889,1.0
2018-02-06 02:00:00,35.919923995656895,0.10243055555555557,1.0
2018-02-06 03:00:00,47.93919652551574,0.14409722222222224,1.0
2018-02-06 04:00:00,101.02605863192183,0.18576388888888887,1.0
2018-02-06 05:00:00,194.29940282301845,0.22743055555555555,1.0
2018-02-06 06:00:00,275.1186210640608,0.2690972222222222,1.0
2018-02-06 07:00:00,330.7187839305103,0.3107638888888889,1.0
2018-02-06 08:00:00,327.06704668838216,0.3524305555555556,1.0
2018-02-06 09:00:00,301.621878393051,0.39409722222222227,1.0
2018-02-06 10:00:00,280.7214983713355,0.4357638888888889,1.0
2018-02-06 11:00:00,269.5616178067318,0.4774305555555555,1.0
2018-02-06 12:00:00,272.0901194353963,0.5190972222222222,1.0
2018-02-06 13:00:00,285.5523887079262,0.560763888888889,1.0
2018-02-06 14:00:00,316.92182410423453,0.6024305555555555,1.0
2018-02-06 15:00:00,327.5347448425624,0.6440972222222222,1.0
2018-02-06 16:00:00,331.6813246471227,0.6857638888888888,1.0
2018-02-06 17:00:00,334.38843648208467,0.7274305555555555,1.0
2018-02-06 18:00:00,305.3105320304017,0.7690972222222222,1.0
2018-02-06 19:00:00,255.685667752443,0.8107638888888888,1.0
2018-02-06 20:00:00,198.4530401737242,0.8524305555555555,1.0
2018-02-06 21:00:00,166.7687296416938,0.8940972222222223,1.0
2018-02-06 22:00:00,132.00190010857764,0.9357638888888888,1.0
2018-02-06 23:00:00,85.14739413680782,0.9774305555555555,1.0
2018-02-07 00:00:00,54.38463626492942,0.019097222222222224,2.0
2018-02-07 01:00:00,38.45901194353963,0.06076388888888889,2.0
2018-02-07 02:00:00,37.34961997828447,0.10243055555555557,2.0
2018-02-07 03:00:00,49.01601520086862,0.14409722222222224,2.0
2018-02-07 04:00:00,102.82166123778501,0.18576388888888887,2.0
2018-02-07 05:00:00,199.37404994571116,0.22743055555555555,2.0
2018-02-07 06:00:00,278.95086862106405,0.2690972222222222,2.0
2018-02-07 07:00:00,336.10803474484254,0.3107638888888889,2.0
2018-02-07 08:00:00,331.9427252985885,0.3524305555555556,2.0
2018-02-07 09:00:00,309.57709011943535,0.39409722222222227,2.0
2018-02-07 10:00:00,289.1001628664495,0.4357638888888889,2.0
2018-02-07 11:00:00,277.6566232356135,0.4774305555555555,2.0
2018-02-07 12:00:00,285.58224755700326,0.5190972222222222,2.0
2018-02-07 13:00:00,300.39277958740496,0.560763888888889,2.0
2018-02-07 14:00:00,327.82491856677524,0.6024305555555555,2.0
2018-02-07 15:00:00,333.6612377850163,0.6440972222222222,2.0
2018-02-07 16:00:00,334.88056460369165,0.6857638888888888,2.0
2018-02-07 17:00:00,337.7174267100977,0.7274305555555555,2.0
2018-02-07 18:00:00,308.9538545059718,0.7690972222222222,2.0
2018-02-07 19:00:00,260.19462540716614,0.8107638888888888,2.0
2018-02-07 20:00:00,211.3029315960912,0.8524305555555555,2.0
2018-02-07 21:00:00,178.1726384364821,0.8940972222222223,2.0
2018-02-07 22:00:00,133.23588490770902,0.9357638888888888,2.0
2018-02-07 23:00:00,88.78745928338763,0.9774305555555555,2.0
2018-02-08 00:00:00,56.69489685124864,0.019097222222222224,3.0
2018-02-08 01:00:00,39.91205211726385,0.06076388888888889,3.0
2018-02-08 02:00:00,38.418023887079265,0.10243055555555557,3.0
2018-02-08 03:00:00,49.849891422366994,0.14409722222222224,3.0
2018-02-08 04:00:00,102.53881650380022,0.18576388888888887,3.0
2018-02-08 05:00:00,195.89087947882737,0.22743055555555555,3.0
2018-02-08 06:00:00,260.8954940282302,0.2690972222222222,3.0
2018-02-08 07:00:00,312.63246471226927,0.3107638888888889,3.0
2018-02-08 08:00:00,310.54315960912055,0.3524305555555556,3.0
2018-02-08 09:00:00,308.1824104234528,0.39409722222222227,3.0
2018-02-08 10:00:00,287.3333333333333,0.4357638888888889,3.0
2018-02-08 11:00:00,281.28610206297503,0.4774305555555555,3.0
2018-02-08 12:00:00,288.8762214983713,0.5190972222222222,3.0
2018-02-08 13:00:00,304.10884907709016,0.560763888888889,3.0
2018-02-08 14:00:00,328.1104777415852,0.6024305555555555,3.0
2018-02-08 15:00:00,335.5754614549403,0.6440972222222222,3.0
2018-02-08 16:00:00,336.30917480998914,0.6857638888888888,3.0
2018-02-08 17:00:00,336.5613463626493,0.7274305555555555,3.0
2018-02-08 18:00:00,310.3531487513572,0.7690972222222222,3.0
2018-02-08 19:00:00,265.96851248642776,0.8107638888888888,3.0
2018-02-08 20:00:00,216.1625950054289,0.8524305555555555,3.0
2018-02-08 21:00:00,185.82084690553745,0.8940972222222223,3.0
2018-02-08 22:00:00,150.44733984799132,0.9357638888888888,3.0
2018-02-08 23:00:00,101.03501628664496,0.9774305555555555,3.0
2018-02-09 00:00:00,63.52198697068403,0.019097222222222224,4.0
2018-02-09 01:00:00,43.071661237785015,0.06076388888888889,4.0
2018-02-09 02:00:00,39.96416938110749,0.10243055555555557,4.0
2018-02-09 03:00:00,49.99484256243213,0.14409722222222224,4.0
2018-02-09 04:00:00,99.86454940282302,0.18576388888888887,4.0
2018-02-09 05:00:00,188.0415309446254,0.22743055555555555,4.0
2018-02-09 06:00:00,262.13897937024973,0.2690972222222222,4.0
2018-02-09 07:00:00,324.96606948968514,0.3107638888888889,4.0
2018-02-09 08:00:00,330.057003257329,0.3524305555555556,4.0
2018-02-09 09:00:00,302.66558089033657,0.39409722222222227,4.0
2018-02-09 10:00:00,296.0988056460369,0.4357638888888889,4.0
2018-02-09 11:00:00,299.30374592833874,0.4774305555555555,4.0
2018-02-09 12:00:00,312.23724212812164,0.5190972222222222,4.0
2018-02-09 13:00:00,324.80510314875136,0.560763888888889,4.0
2018-02-09 14:00:00,338.5247014115092,0.6024305555555555,4.0
2018-02-09 15:00:00,337.4343105320304,0.6440972222222222,4.0
2018-02-09 16:00:00,338.74348534201954,0.6857638888888888,4.0
2018-02-09 17:00:00,337.16476655808907,0.7274305555555555,4.0
2018-02-09 18:00:00,310.2885450597177,0.7690972222222222,4.0
2018-02-09 19:00:00,274.89033659066234,0.8107638888888888,4.0
2018-02-09 20:00:00,228.11102062975024,0.8524305555555555,4.0
2018-02-09 21:00:00,199.59799131378938,0.8940972222222223,4.0
2018-02-09 22:00:00,166.11373507057547,0.9357638888888888,4.0
2018-02-09 23:00:00,122.61210640608034,0.9774305555555555,4.0
2018-02-10 00:00:00,84.77307274701411,0.019097222222222224,5.0
2018-02-10 01:00:00,59.70982627578719,0.06076388888888889,5.0
2018-02-10 02:00:00,50.04044516829533,0.10243055555555557,5.0
2018-02-10 03:00:00,43.3743213897937,0.14409722222222224,5.0
2018-02-10 04:00:00,55.31813246471227,0.18576388888888887,5.0
2018-02-10 05:00:00,85.35260586319218,0.22743055555555555,5.0
2018-02-10 06:00:00,128.85776330076004,0.2690972222222222,5.0
2018-02-10 07:00:00,180.0260586319218,0.3107638888888889,5.0
2018-02-10 08:00:00,238.01221498371333,0.3524305555555556,5.0
2018-02-10 09:00:00,276.12920738327904,0.39409722222222227,5.0
2018-02-10 10:00:00,303.806460369164,0.4357638888888889,5.0
2018-02-10 11:00:00,319.0133007600434,0.4774305555555555,5.0
2018-02-10 12:00:00,327.964983713355,0.5190972222222222,5.0
2018-02-10 13:00:00,328.4625407166124,0.560763888888889,5.0
2018-02-10 14:00:00,331.48751357220414,0.6024305555555555,5.0
2018-02-10 15:00:00,334.42209554831703,0.6440972222222222,5.0
2018-02-10 16:00:00,329.49701411509227,0.6857638888888888,5.0
2018-02-10 17:00:00,319.28013029315963,0.7274305555555555,5.0
2018-02-10 18:00:00,292.7228555917481,0.7690972222222222,5.0
2018-02-10 19:00:00,247.97285559174807,0.8107638888888888,5.0
2018-02-10 20:00:00,215.971769815418,0.8524305555555555,5.0
2018-02-10 21:00:00,203.40499457111835,0.8940972222222223,5.0
2018-02-10 22:00:00,183.33306188925084,0.9357638888888888,5.0
2018-02-10 23:00:00,129.69326818675353,0.9774305555555555,5.0
2018-02-11 00:00:00,86.59961997828447,0.019097222222222224,6.0
2018-02-11 01:00:00,59.78447339847992,0.06076388888888889,6.0
2018-02-11 02:00:00,48.534744842562425,0.10243055555555557,6.0
2018-02-11 03:00:00,39.79017372421281,0.14409722222222224,6.0
2018-02-11 04:00:00,39.29180238870793,0.18576388888888887,6.0
2018-02-11 05:00:00,53.58686210640608,0.22743055555555555,6.0
2018-02-11 06:00:00,81.6243213897937,0.2690972222222222,6.0
2018-02-11 07:00:00,114.91666666666667,0.3107638888888889,6.0
2018-02-11 08:00:00,162.8197611292074,0.3524305555555556,6.0
2018-02-11 09:00:00,222.13599348534203,0.39409722222222227,6.0
2018-02-11 10:00:00,267.42345276872965,0.4357638888888889,6.0
2018-02-11 11:00:00,289.98751357220414,0.4774305555555555,6.0
2018-02-11 12:00:00,308.8851791530945,0.5190972222222222,6.0
2018-02-11 13:00:00,315.63110749185665,0.560763888888889,6.0
2018-02-11 14:00:00,320.185667752443,0.6024305555555555,6.0
2018-02-11 15:00:00,313.4866992399566,0.6440972222222222,6.0
2018-02-11 16:00:00,304.2459283387622,0.6857638888888888,6.0
2018-02-11 17:00:00,291.68539630836045,0.7274305555555555,6.0
2018-02-11 18:00:00,271.84744842562435,0.7690972222222222,6.0
2018-02-11 19:00:00,234.84663409337676,0.8107638888888888,6.0
2018-02-11 20:00:00,199.96091205211727,0.8524305555555555,6.0
2018-02-11 21:00:00,168.38110749185668,0.8940972222222223,6.0
2018-02-11 22:00:00,124.84039087947883,0.9357638888888888,6.0
2018-02-11 23:00:00,83.68973941368078,0.9774305555555555,6.0
2018-02-12 00:00:00,53.569489685124864,0.019097222222222224,0.0
2018-02-12 01:00:00,37.94951140065147,0.06076388888888889,0.0
2018-02-12 02:00:00,34.93973941368078,0.10243055555555557,0.0
2018-02-12 03:00:00,47.68132464712269,0.14409722222222224,0.0
2018-02-12 04:00:00,104.0613463626493,0.18576388888888887,0.0
2018-02-12 05:00:00,197.67969598262758,0.22743055555555555,0.0
2018-02-12 06:00:00,267.4326818675353,0.2690972222222222,0.0
2018-02-12 07:00:00,325.2966883821933,0.3107638888888889,0.0
2018-02-12 08:00:00,322.51221498371336,0.3524305555555556,0.0
2018-02-12 09:00:00,296.7209554831705,0.39409722222222227,0.0
2018-02-12 10:00:00,282.18295331161784,0.4357638888888889,0.0
2018-02-12 11:00:00,274.50841476655813,0.4774305555555555,0.0
2018-02-12 12:00:00,278.59663409337674,0.5190972222222222,0.0
2018-02-12 13:00:00,295.07627578718785,0.560763888888889,0.0
2018-02-12 14:00:00,324.89820846905536,0.6024305555555555,0.0
2018-02-12 15:00:00,329.3770358306189,0.6440972222222222,0.0
2018-02-12 16:00:00,328.7269272529859,0.6857638888888888,0.0
2018-02-12 17:00:00,331.3042888165038,0.7274305555555555,0.0
2018-02-12 18:00:00,299.24077090119437,0.7690972222222222,0.0
2018-02-12 19:00:00,246.8056460369164,0.8107638888888888,0.0
2018-02-12 20:00:00,190.63029315960912,0.8524305555555555,0.0
2018-02-12 21:00:00,161.58577633007602,0.8940972222222223,0.0
2018-02-12 22:00:00,123.82980456026058,0.9357638888888888,0.0
2018-02-12 23:00:00,80.47665580890337,0.9774305555555555,0.0
2018-02-13 00:00:00,53.42535287730727,0.019097222222222224,1.0
2018-02-13 01:00:00,37.7972312703583,0.06076388888888889,1.0
2018-02-13 02:00:00,36.61834961997828,0.10243055555555557,1.0
2018-02-13 03:00:00,48.774429967426705,0.14409722222222224,1.0
2018-02-13 04:00:00,103.02361563517915,0.18576388888888887,1.0
2018-02-13 05:00:00,197.61319218241042,0.22743055555555555,1.0
2018-02-13 06:00:00,278.5969055374593,0.2690972222222222,1.0
2018-02-13 07:00:00,333.5021715526602,0.3107638888888889,1.0
2018-02-13 08:00:00,332.3338762214984,0.3524305555555556,1.0
2018-02-13 09:00:00,310.5002714440825,0.39409722222222227,1.0
2018-02-13 10:00:00,287.95222584147666,0.4357638888888889,1.0
2018-02-13 11:00:00,276.9975570032573,0.4774305555555555,1.0
2018-02-13 12:00:00,281.9378393051032,0.5190972222222222,1.0
2018-02-13 13:00:00,296.67725298588493,0.560763888888889,1.0
2018-02-13 14:00:00,328.4296959826276,0.6024305555555555,1.0
2018-02-13 15:00:00,335.7187839305103,0.6440972222222222,1.0
2018-02-13 16:00:00,338.2557003257329,0.6857638888888888,1.0
2018-02-13 17:00:00,337.3186753528773,0.7274305555555555,1.0
2018-02-13 18:00:00,313.12649294245386,0.7690972222222222,1.0
2018-02-13 19:00:00,265.01275787187836,0.8107638888888888,1.0
2018-02-13 20:00:00,211.61183496199783,0.8524305555555555,1.0
2018-02-13 21:00:00,177.17752442996743,0.8940972222222223,1.0
2018-02-13 22:00:00,134.3246471226927,0.9357638888888888,1.0
2018-02-13 23:00:00,89.39603691639523,0.9774305555555555,1.0
2018-02-14 00:00:00,56.695168295331165,0.019097222222222224,2.0
2018-02-14 01:00:00,40.279858849077094,0.06076388888888889,2.0
2018-02-14 02:00:00,38.3156894679696,0.10243055555555557,2.0
2018-02-14 03:00:00,48.95684039087948,0.14409722222222224,2.0
2018-02-14 04:00:00,102.75,0.18576388888888887,2.0
2018-02-14 05:00:00,198.27985884907707,0.22743055555555555,2.0
2018-02-14 06:00:00,276.5445168295331,0.2690972222222222,2.0
2018-02-14 07:00:00,336.42535287730726,0.3107638888888889,2.0
2018-02-14 08:00:00,334.6180781758958,0.3524305555555556,2.0
2018-02-14 09:00:00,308.82654723127035,0.39409722222222227,2.0
2018-02-14 10:00:00,286.37486427795875,0.4357638888888889,2.0
2018-02-14 11:00:00,281.98507057546146,0.4774305555555555,2.0
2018-02-14 12:00:00,289.4847991313789,0.5190972222222222,2.0
2018-02-14 13:00:00,305.17508143322476,0.560763888888889,2.0
2018-02-14 14:00:00,331.9847991313789,0.6024305555555555,2.0
2018-02-14 15:00:00,341.6995114006515,0.6440972222222222,2.0
2018-02-14 16:00:00,343.24674267100977,0.6857638888888888,2.0
2018-02-14 17:00:00,340.99104234527687,0.7274305555555555,2.0
2018-02-14 18:00:00,312.5675895765472,0.7690972222222222,2.0
2018-02-14 19:00:00,263.40960912052117,0.8107638888888888,2.0
2018-02-14 20:00:00,202.90689467969597,0.8524305555555555,2.0
2018-02-14 21:00:00,172.11509229098806,0.8940972222222223,2.0
2018-02-14 22:00:00,135.34907709011944,0.9357638888888888,2.0
2018-02-14 23:00:00,96.39739413680782,0.9774305555555555,2.0
2018-02-15 00:00:00,64.4815418023887,0.019097222222222224,3.0
2018-02-15 01:00:00,43.99755700325733,0.06076388888888889,3.0
2018-02-15 02:00:00,40.76682953311618,0.10243055555555557,3.0
2018-02-15 03:00:00,51.28990228013029,0.14409722222222224,3.0
2018-02-15 04:00:00,104.32546145494028,0.18576388888888887,3.0
2018-02-15 05:00:00,197.66693811074921,0.22743055555555555,3.0
2018-02-15 06:00:00,273.51791530944627,0.2690972222222222,3.0
2018-02-15 07:00:00,329.81351791530943,0.3107638888888889,3.0
2018-02-15 08:00:00,331.45222584147666,0.3524305555555556,3.0
2018-02-15 09:00:00,314.19652551574376,0.39409722222222227,3.0
2018-02-15 10:00:00,292.05320304017374,0.4357638888888889,3.0
2018-02-15 11:00:00,287.38110749185665,0.4774305555555555,3.0
2018-02-15 12:00:00,294.31921824104234,0.5190972222222222,3.0
2018-02-15 13:00:00,307.6180781758958,0.560763888888889,3.0
2018-02-15 14:00:00,333.73778501628664,0.6024305555555555,3.0
2018-02-15 15:00:00,341.00895765472313,0.6440972222222222,3.0
2018-02-15 16:00:00,338.2328990228013,0.6857638888888888,3.0
2018-02-15 17:00:00,336.41150922909884,0.7274305555555555,3.0
2018-02-15 18:00:00,313.9940282301846,0.7690972222222222,3.0
2018-02-15 19:00:00,274.0,0.8107638888888888,3.0
2018-02-15 20:00:00,220.24619978284474,0.8524305555555555,3.0
2018-02-15 21:00:00,183.94163952225844,0.8940972222222223,3.0
2018-02-15 22:00:00,146.64929424538545,0.9357638888888888,3.0
2018-02-15 23:00:00,97.11346362649294,0.9774305555555555,3.0
2018-02-16 00:00:00,65.2271986970684,0.019097222222222224,4.0
2018-02-16 01:00:00,46.02524429967426,0.06076388888888889,4.0
2018-02-16 02:00:00,42.869706840390876,0.10243055555555557,4.0
2018-02-16 03:00:00,51.38273615635179,0.14409722222222224,4.0
2018-02-16 04:00:00,98.38545059717698,0.18576388888888887,4.0
2018-02-16 05:00:00,182.28935939196526,0.22743055555555555,4.0
2018-02-16 06:00:00,255.46091205211727,0.2690972222222222,4.0
2018-02-16 07:00:00,317.5019001085777,0.3107638888888889,4.0
2018-02-16 08:00:00,323.1555374592834,0.3524305555555556,4.0
2018-02-16 09:00:00,304.1180781758958,0.39409722222222227,4.0
2018-02-16 10:00:00,304.0686753528773,0.4357638888888889,4.0
2018-02-16 11:00:00,309.5464169381108,0.4774305555555555,4.0
2018-02-16 12:00:00,322.4470684039088,0.5190972222222222,4.0
2018-02-16 13:00:00,331.0461454940282,0.560763888888889,4.0
2018-02-16 14:00:00,336.3374049945711,0.6024305555555555,4.0
2018-02-16 15:00:00,337.2247557003257,0.6440972222222222,4.0
2018-02-16 16:00:00,336.90418023887077,0.6857638888888888,4.0
2018-02-16 17:00:00,335.2899022801303,0.7274305555555555,4.0
2018-02-16 18:00:00,313.0298588490771,0.7690972222222222,4.0
2018-02-16 19:00:00,277.9258957654723,0.8107638888888888,4.0
2018-02-16 20:00:00,236.93213897937025,0.8524305555555555,4.0
2018-02-16 21:00:00,205.81378935939196,0.8940972222222223,4.0
2018-02-16 22:00:00,169.5244299674267,0.9357638888888888,4.0
2018-02-16 23:00:00,124.70059717698155,0.9774305555555555,4.0
2018-02-17 00:00:00,86.96498371335504,0.019097222222222224,5.0
2018-02-17 01:00:00,62.96308360477742,0.06076388888888889,5.0
2018-02-17 02:00:00,51.13110749185668,0.10243055555555557,5.0
2018-02-17 03:00:00,44.47529858849077,0.14409722222222224,5.0
2018-02-17 04:00:00,55.69896851248643,0.18576388888888887,5.0
2018-02-17 05:00:00,85.10179153094462,0.22743055555555555,5.0
2018-02-17 06:00:00,126.19462540716613,0.2690972222222222,5.0
2018-02-17 07:00:00,173.20901194353962,0.3107638888888889,5.0
2018-02-17 08:00:00,228.39902280130295,0.3524305555555556,5.0
2018-02-17 09:00:00,279.4324104234528,0.39409722222222227,5.0
2018-02-17 10:00:00,310.2684581976113,0.4357638888888889,5.0
2018-02-17 11:00:00,329.2461997828447,0.4774305555555555,5.0
2018-02-17 12:00:00,333.5195439739414,0.5190972222222222,5.0
2018-02-17 13:00:00,331.3830076004343,0.560763888888889,5.0
2018-02-17 14:00:00,330.6699239956569,0.6024305555555555,5.0
2018-02-17 15:00:00,329.11916395222585,0.6440972222222222,5.0
2018-02-17 16:00:00,326.1376221498371,0.6857638888888888,5.0
2018-02-17 17:00:00,319.24647122692727,0.7274305555555555,5.0
2018-02-17 18:00:00,296.22991313789356,0.7690972222222222,5.0
2018-02-17 19:00:00,254.5770901194354,0.8107638888888888,5.0
2018-02-17 20:00:00,221.54804560260587,0.8524305555555555,5.0
2018-02-17 21:00:00,208.3270901194354,0.8940972222222223,5.0
2018-02-17 22:00:00,184.85504885993487,0.9357638888888888,5.0
2018-02-17 23:00:00,133.457111834962,0.9774305555555555,5.0
2018-02-18 00:00:00,92.3743213897937,0.019097222222222224,6.0
2018-02-18 01:00:00,64.99239956568947,0.06076388888888889,6.0
2018-02-18 02:00:00,52.04370249728556,0.10243055555555557,6.0
2018-02-18 03:00:00,38.82899022801303,0.14409722222222224,6.0
2018-02-18 04:00:00,39.707111834962,0.18576388888888887,6.0
2018-02-18 05:00:00,53.397937024972855,0.22743055555555555,6.0
2018-02-18 06:00:00,79.99972855591749,0.2690972222222222,6.0
2018-02-18 07:00:00,112.41313789359391,0.3107638888888889,6.0
2018-02-18 08:00:00,157.31080347448426,0.3524305555555556,6.0
2018-02-18 09:00:00,222.27714440825187,0.39409722222222227,6.0
2018-02-18 10:00:00,277.4340390879479,0.4357638888888889,6.0
2018-02-18 11:00:00,298.121878393051,0.4774305555555555,6.0
2018-02-18 12:00:00,308.65960912052117,0.5190972222222222,6.0
2018-02-18 13:00:00,317.70086862106405,0.560763888888889,6.0
2018-02-18 14:00:00,318.56650380021716,0.6024305555555555,6.0
2018-02-18 15:00:00,314.63517915309444,0.6440972222222222,6.0
2018-02-18 16:00:00,305.4372964169381,0.6857638888888888,6.0
2018-02-18 17:00:00,292.1221498371336,0.7274305555555555,6.0
2018-02-18 18:00:00,271.05944625407164,0.7690972222222222,6.0
2018-02-18 19:00:00,237.18729641693812,0.8107638888888888,6.0
2018-02-18 20:00:00,207.7741585233442,0.8524305555555555,6.0
2018-02-18 21:00:00,180.38192182410424,0.8940972222222223,6.0
2018-02-18 22:00:00,141.3558631921824,0.9357638888888888,6.0
2018-02-18 23:00:00,97.99375678610205,0.9774305555555555,6.0
2018-02-19 00:00:00,64.35206297502715,0.019097222222222224,0.0
2018-02-19 01:00:00,44.72719869706841,0.06076388888888889,0.0
2018-02-19 02:00:00,38.425081433224754,0.10243055555555557,0.0
2018-02-19 03:00:00,40.675081433224754,0.14409722222222224,0.0
2018-02-19 04:00:00,64.69598262757872,0.18576388888888887,0.0
2018-02-19 05:00:00,112.55076004343105,0.22743055555555555,0.0
2018-02-19 06:00:00,163.98778501628667,0.2690972222222222,0.0
2018-02-19 07:00:00,202.16069489685125,0.3107638888888889,0.0
2018-02-19 08:00:00,221.39467969598263,0.3524305555555556,0.0
2018-02-19 09:00:00,247.19353963083606,0.39409722222222227,0.0
2018-02-19 10:00:00,280.07437567861024,0.4357638888888889,0.0
2018-02-19 11:00:00,300.24049945711187,0.4774305555555555,0.0
2018-02-19 12:00:00,306.0255157437568,0.5190972222222222,0.0
2018-02-19 13:00:00,313.8067318132465,0.560763888888889,0.0
2018-02-19 14:00:00,327.6031487513572,0.6024305555555555,0.0
2018-02-19 15:00:00,324.39332247557,0.6440972222222222,0.0
2018-02-19 16:00:00,319.05076004343107,0.6857638888888888,0.0
2018-02-19 17:00:00,307.00922909880563,0.7274305555555555,0.0
2018-02-19 18:00:00,278.92318132464715,0.7690972222222222,0.0
2018-02-19 19:00:00,237.49348534201954,0.8107638888888888,0.0
2018-02-19 20:00:00,200.53854505971768,0.8524305555555555,0.0
2018-02-19 21:00:00,174.80456026058633,0.8940972222222223,0.0
2018-02-19 22:00:00,134.2584147665581,0.9357638888888888,0.0
2018-02-19 23:00:00,89.70521172638438,0.9774305555555555,0.0
2018-02-20 00:00:00,57.440825190010855,0.019097222222222224,1.0
2018-02-20 01:00:00,39.755700325732896,0.06076388888888889,1.0
2018-02-20 02:00:00,36.743213897937025,0.10243055555555557,1.0
2018-02-20 03:00:00,49.89467969598263,0.14409722222222224,1.0
2018-02-20 04:00:00,104.75162866449512,0.18576388888888887,1.0
2018-02-20 05:00:00,198.3184039087948,0.22743055555555555,1.0
2018-02-20 06:00:00,272.04207383279044,0.2690972222222222,1.0
2018-02-20 07:00:00,328.050217155266,0.3107638888888889,1.0
2018-02-20 08:00:00,330.4823561346363,0.3524305555555556,1.0
2018-02-20 09:00:00,309.63653637350706,0.39409722222222227,1.0
2018-02-20 10:00:00,289.77633007600434,0.4357638888888889,1.0
2018-02-20 11:00:00,278.58061889250814,0.4774305555555555,1.0
2018-02-20 12:00:00,285.2660152008686,0.5190972222222222,1.0
2018-02-20 13:00:00,297.3938653637351,0.560763888888889,1.0
2018-02-20 14:00:00,328.30917480998914,0.6024305555555555,1.0
2018-02-20 15:00:00,339.6566232356135,0.6440972222222222,1.0
2018-02-20 16:00:00,347.4725841476656,0.6857638888888888,1.0
2018-02-20 17:00:00,345.6370792616721,0.7274305555555555,1.0
2018-02-20 18:00:00,308.30727470141153,0.7690972222222222,1.0
2018-02-20 19:00:00,249.26112920738328,0.8107638888888888,1.0
2018-02-20 20:00:00,195.09039087947883,0.8524305555555555,1.0
2018-02-20 21:00:00,165.6696525515744,0.8940972222222223,1.0
2018-02-20 22:00:00,125.8745928338762,0.9357638888888888,1.0
2018-02-20 23:00:00,84.19408251900109,0.9774305555555555,1.0
2018-02-21 00:00:00,55.09011943539631,0.019097222222222224,2.0
2018-02-21 01:00:00,39.98941368078176,0.06076388888888889,2.0
2018-02-21 02:00:00,37.906351791530945,0.10243055555555557,2.0
2018-02-21 03:00:00,49.47828447339848,0.14409722222222224,2.0
2018-02-21 04:00:00,102.88490770901194,0.18576388888888887,2.0
2018-02-21 05:00:00,197.03528773072745,0.22743055555555555,2.0
2018-02-21 06:00:00,272.5727470141151,0.2690972222222222,2.0
2018-02-21 07:00:00,332.09201954397395,0.3107638888888889,2.0
2018-02-21 08:00:00,329.7252985884908,0.3524305555555556,2.0
2018-02-21 09:00:00,307.6492942453854,0.39409722222222227,2.0
2018-02-21 10:00:00,287.6558089033659,0.4357638888888889,2.0
2018-02-21 11:00:00,279.7540716612378,0.4774305555555555,2.0
2018-02-21 12:00:00,287.0754614549403,0.5190972222222222,2.0
2018-02-21 13:00:00,300.0627035830619,0.560763888888889,2.0
2018-02-21 14:00:00,326.9554831704669,0.6024305555555555,2.0
2018-02-21 15:00:00,337.47665580890333,0.6440972222222222,2.0
2018-02-21 16:00:00,338.3542345276873,0.6857638888888888,2.0
2018-02-21 17:00:00,332.850434310532,0.7274305555555555,2.0
2018-02-21 18:00:00,308.6245928338762,0.7690972222222222,2.0
2018-02-21 19:00:00,252.8941368078176,0.8107638888888888,2.0
2018-02-21 20:00:00,204.79668838219325,0.8524305555555555,2.0
2018-02-21 21:00:00,177.47909880564603,0.8940972222222223,2.0
2018-02-21 22:00:00,132.16802388707927,0.9357638888888888,2.0
2018-02-21 23:00:00,87.69788273615636,0.9774305555555555,2.0
2018-02-22 00:00:00,58.304831704668835,0.019097222222222224,3.0
2018-02-22 01:00:00,42.31786102062975,0.06076388888888889,3.0
2018-02-22 02:00:00,39.5586319218241,0.10243055555555557,3.0
2018-02-22 03:00:00,50.840390879478825,0.14409722222222224,3.0
2018-02-22 04:00:00,102.9728555917481,0.18576388888888887,3.0
2018-02-22 05:00:00,193.30781758957653,0.22743055555555555,3.0
2018-02-22 06:00:00,270.18078175895766,0.2690972222222222,3.0
2018-02-22 07:00:00,329.5694896851249,0.3107638888888889,3.0
2018-02-22 08:00:00,327.21661237785014,0.3524305555555556,3.0
2018-02-22 09:00:00,305.8428338762215,0.39409722222222227,3.0
2018-02-22 10:00:00,290.93621064060807,0.4357638888888889,3.0
2018-02-22 11:00:00,287.5887622149837,0.4774305555555555,3.0
2018-02-22 12:00:00,292.72747014115095,0.5190972222222222,3.0
2018-02-22 13:00:00,298.70792616720956,0.560763888888889,3.0
2018-02-22 14:00:00,327.9397394136808,0.6024305555555555,3.0
2018-02-22 15:00:00,335.63083604777415,0.6440972222222222,3.0
2018-02-22 16:00:00,340.92155266015203,0.6857638888888888,3.0
2018-02-22 17:00:00,339.93349619978284,0.7274305555555555,3.0
2018-02-22 18:00:00,304.6940825190011,0.7690972222222222,3.0
2018-02-22 19:00:00,263.41639522258413,0.8107638888888888,3.0
2018-02-22 20:00:00,212.31351791530946,0.8524305555555555,3.0
2018-02-22 21:00:00,181.31188925081435,0.8940972222222223,3.0
2018-02-22 22:00:00,144.9527687296417,0.9357638888888888,3.0
2018-02-22 23:00:00,97.99131378935938,0.9774305555555555,3.0
2018-02-23 00:00:00,64.14956568946796,0.019097222222222224,4.0
2018-02-23 01:00:00,45.69761129207384,0.06076388888888889,4.0
2018-02-23 02:00:00,41.393865363735074,0.10243055555555557,4.0
2018-02-23 03:00:00,50.63382193268186,0.14409722222222224,4.0
2018-02-23 04:00:00,99.14766558089035,0.18576388888888887,4.0
2018-02-23 05:00:00,185.72339847991313,0.22743055555555555,4.0
2018-02-23 06:00:00,258.50515743756785,0.2690972222222222,4.0
2018-02-23 07:00:00,319.0070575461455,0.3107638888888889,4.0
2018-02-23 08:00:00,323.84907709011947,0.3524305555555556,4.0
2018-02-23 09:00:00,303.8327904451683,0.39409722222222227,4.0
2018-02-23 10:00:00,297.0659609120521,0.4357638888888889,4.0
2018-02-23 11:00:00,300.55456026058636,0.4774305555555555,4.0
2018-02-23 12:00:00,313.3626492942454,0.5190972222222222,4.0
2018-02-23 13:00:00,326.5605320304017,0.560763888888889,4.0
2018-02-23 14:00:00,337.57681867535285,0.6024305555555555,4.0
2018-02-23 15:00:00,336.86482084690556,0.6440972222222222,4.0
2018-02-23 16:00:00,340.6492942453854,0.6857638888888888,4.0
2018-02-23 17:00:00,339.950325732899,0.7274305555555555,4.0
2018-02-23 18:00:00,314.8724212812161,0.7690972222222222,4.0
2018-02-23 19:00:00,276.5950054288816,0.8107638888888888,4.0
2018-02-23 20:00:00,232.3116178067318,0.8524305555555555,4.0
2018-02-23 21:00:00,199.91313789359393,0.8940972222222223,4.0
2018-02-23 22:00:00,164.34934853420194,0.9357638888888888,4.0
2018-02-23 23:00:00,122.39820846905538,0.9774305555555555,4.0
2018-02-24 00:00:00,85.86590662323562,0.019097222222222224,5.0
2018-02-24 01:00:00,61.5442453854506,0.06076388888888889,5.0
2018-02-24 02:00:00,51.589847991313796,0.10243055555555557,5.0
2018-02-24 03:00:00,45.12839305103149,0.14409722222222224,5.0
2018-02-24 04:00:00,56.1085776330076,0.18576388888888887,5.0
2018-02-24 05:00:00,85.98615635179152,0.22743055555555555,5.0
2018-02-24 06:00:00,124.77117263843648,0.2690972222222222,5.0
2018-02-24 07:00:00,172.4989142236699,0.3107638888888889,5.0
2018-02-24 08:00:00,217.98045602605862,0.3524305555555556,5.0
2018-02-24 09:00:00,265.20602605863195,0.39409722222222227,5.0
2018-02-24 10:00:00,298.5621606948968,0.4357638888888889,5.0
2018-02-24 11:00:00,319.6066775244299,0.4774305555555555,5.0
2018-02-24 12:00:00,330.278773072747,0.5190972222222222,5.0
2018-02-24 13:00:00,329.8433767643865,0.560763888888889,5.0
2018-02-24 14:00:00,338.435667752443,0.6024305555555555,5.0
2018-02-24 15:00:00,335.0713897937025,0.6440972222222222,5.0
2018-02-24 16:00:00,329.76112920738325,0.6857638888888888,5.0
2018-02-24 17:00:00,322.04533116178067,0.7274305555555555,5.0
2018-02-24 18:00:00,292.81894679695984,0.7690972222222222,5.0
2018-02-24 19:00:00,243.40173724212812,0.8107638888888888,5.0
2018-02-24 20:00:00,217.9769272529859,0.8524305555555555,5.0
2018-02-24 21:00:00,205.78501628664495,0.8940972222222223,5.0
2018-02-24 22:00:00,180.71389793702497,0.9357638888888888,5.0
2018-02-24 23:00:00,133.73235613463626,0.9774305555555555,5.0
2018-02-25 00:00:00,90.92345276872965,0.019097222222222224,6.0
2018-02-25 01:00:00,64.01927252985885,0.06076388888888889,6.0
2018-02-25 02:00:00,52.62187839305103,0.10243055555555557,6.0
2018-02-25 03:00:00,41.064332247557005,0.14409722222222224,6.0
2018-02-25 04:00:00,42.44543973941368,0.18576388888888887,6.0
2018-02-25 05:00:00,56.43186753528773,0.22743055555555555,6.0
2018-02-25 06:00:00,82.51085776330076,0.2690972222222222,6.0
2018-02-25 07:00:00,113.97611292073833,0.3107638888888889,6.0
2018-02-25 08:00:00,160.46444082519,0.3524305555555556,6.0
2018-02-25 09:00:00,219.37459283387622,0.39409722222222227,6.0
2018-02-25 10:00:00,270.66340933767646,0.4357638888888889,6.0
2018-02-25 11:00:00,294.0130293159609,0.4774305555555555,6.0
2018-02-25 12:00:00,307.92209554831703,0.5190972222222222,6.0
2018-02-25 13:00:00,318.32763300760047,0.560763888888889,6.0
2018-02-25 14:00:00,320.94896851248643,0.6024305555555555,6.0
2018-02-25 15:00:00,318.87133550488596,0.6440972222222222,6.0
2018-02-25 16:00:00,311.14467969598263,0.6857638888888888,6.0
2018-02-25 17:00:00,302.8840933767644,0.7274305555555555,6.0
2018-02-25 18:00:00,281.1444082519001,0.7690972222222222,6.0
2018-02-25 19:00:00,246.3254614549403,0.8107638888888888,6.0
2018-02-25 20:00:00,215.37377850162866,0.8524305555555555,6.0
2018-02-25 21:00:00,176.91503800217154,0.8940972222222223,6.0
2018-02-25 22:00:00,132.99918566775244,0.9357638888888888,6.0
2018-02-25 23:00:00,89.66802388707926,0.9774305555555555,6.0
2018-02-26 00:00:00,56.97366992399566,0.019097222222222224,0.0
2018-02-26 01:00:00,40.144951140065146,0.06076388888888889,0.0
2018-02-26 02:00:00,37.169923995656895,0.10243055555555557,0.0
2018-02-26 03:00:00,49.30863192182411,0.14409722222222224,0.0
2018-02-26 04:00:00,104.77497285559174,0.18576388888888887,0.0
2018-02-26 05:00:00,193.67100977198697,0.22743055555555555,0.0
2018-02-26 06:00:00,259.46606948968514,0.2690972222222222,0.0
2018-02-26 07:00:00,309.242128121607,0.3107638888888889,0.0
2018-02-26 08:00:00,310.3724212812161,0.3524305555555556,0.0
2018-02-26 09:00:00,294.72774158523345,0.39409722222222227,0.0
2018-02-26 10:00:00,282.14060803474484,0.4357638888888889,0.0
2018-02-26 11:00:00,268.87513572204125,0.4774305555555555,0.0
2018-02-26 12:00:00,274.5244299674267,0.5190972222222222,0.0
2018-02-26 13:00:00,283.7252985884908,0.560763888888889,0.0
2018-02-26 14:00:00,317.8469055374593,0.6024305555555555,0.0
2018-02-26 15:00:00,333.73941368078175,0.6440972222222222,0.0
2018-02-26 16:00:00,331.21986970684037,0.6857638888888888,0.0
2018-02-26 17:00:00,326.9438110749186,0.7274305555555555,0.0
2018-02-26 18:00:00,291.64332247557,0.7690972222222222,0.0
2018-02-26 19:00:00,238.19353963083606,0.8107638888888888,0.0
2018-02-26 20:00:00,183.3653637350706,0.8524305555555555,0.0
2018-02-26 21:00:00,154.4484256243214,0.8940972222222223,0.0
2018-02-26 22:00:00,116.43322475570032,0.9357638888888888,0.0
2018-02-26 23:00:00,80.22475570032573,0.9774305555555555,0.0
2018-02-27 00:00:00,54.13789359391965,0.019097222222222224,1.0
2018-02-27 01:00:00,39.04478827361563,0.06076388888888889,1.0
2018-02-27 02:00:00,38.20412595005429,0.10243055555555557,1.0
2018-02-27 03:00:00,50.10640608034745,0.14409722222222224,1.0
2018-02-27 04:00:00,103.20222584147666,0.18576388888888887,1.0
2018-02-27 05:00:00,198.45874049945712,0.22743055555555555,1.0
2018-02-27 06:00:00,279.4486970684039,0.2690972222222222,1.0
2018-02-27 07:00:00,335.80754614549403,0.3107638888888889,1.0
2018-02-27 08:00:00,331.59826275787185,0.3524305555555556,1.0
2018-02-27 09:00:00,306.45819761129206,0.39409722222222227,1.0
2018-02-27 10:00:00,285.30537459283386,0.4357638888888889,1.0
2018-02-27 11:00:00,272.8333333333333,0.4774305555555555,1.0
2018-02-27 12:00:00,277.9090662323561,0.5190972222222222,1.0
2018-02-27 13:00:00,292.38897937024973,0.560763888888889,1.0
2018-02-27 14:00:00,327.4495114006515,0.6024305555555555,1.0
2018-02-27 15:00:00,335.8395765472313,0.6440972222222222,1.0
2018-02-27 16:00:00,339.52442996742667,0.6857638888888888,1.0
2018-02-27 17:00:00,340.62350705754614,0.7274305555555555,1.0
2018-02-27 18:00:00,316.9305103148751,0.7690972222222222,1.0
2018-02-27 19:00:00,262.98507057546146,0.8107638888888888,1.0
2018-02-27 20:00:00,201.74185667752442,0.8524305555555555,1.0
2018-02-27 21:00:00,171.9486970684039,0.8940972222222223,1.0
2018-02-27 22:00:00,132.30591748099891,0.9357638888888888,1.0
2018-02-27 23:00:00,88.44733984799132,0.9774305555555555,1.0
2018-02-28 00:00:00,57.95982627578719,0.019097222222222224,2.0
2018-02-28 01:00:00,41.06406080347448,0.06076388888888889,2.0
2018-02-28 02:00:00,39.000542888165036,0.10243055555555557,2.0
2018-02-28 03:00:00,50.297774158523346,0.14409722222222224,2.0
2018-02-28 04:00:00,103.06813246471226,0.18576388888888887,2.0
2018-02-28 05:00:00,198.48398479913138,0.22743055555555555,2.0
2018-02-28 06:00:00,279.42345276872965,0.2690972222222222,2.0
2018-02-28 07:00:00,338.4883279044517,0.3107638888888889,2.0
2018-02-28 08:00:00,337.1186210640608,0.3524305555555556,2.0
2018-02-28 09:00:00,309.9953854505972,0.39409722222222227,2.0
2018-02-28 10:00:00,288.67508143322476,0.4357638888888889,2.0
2018-02-28 11:00:00,281.16775244299674,0.4774305555555555,2.0
2018-02-28 12:00:00,290.60369163952225,0.5190972222222222,2.0
2018-02-28 13:00:00,306.9961997828447,0.560763888888889,2.0
2018-02-28 14:00:00,337.69462540716614,0.6024305555555555,2.0
2018-02-28 15:00:00,342.34690553745924,0.6440972222222222,2.0
2018-02-28 16:00:00,346.46064060803474,0.6857638888888888,2.0
2018-02-28 17:00:00,343.20032573289905,0.7274305555555555,2.0
2018-02-28 18:00:00,312.9883279044517,0.7690972222222222,2.0
2018-02-28 19:00:00,262.36753528773073,0.8107638888888888,2.0
2018-02-28 20:00:00,207.19896851248643,0.8524305555555555,2.0
2018-02-28 21:00:00,176.3602062975027,0.8940972222222223,2.0
2018-02-28 22:00:00,131.58604777415852,0.9357638888888888,2.0
2018-02-28 23:00:00,96.03311617806732,0.9774305555555555,2.0
